id,title_fa,title_en,code,parent_id
1,موبایل,موبایل,mobile,0
2,تبلت و کتابخوان,تبلت و کتابخوان,tablet-ebook-reader,5966
3,لپ تاپ,لپ تاپ,laptop,5966
4,کامپیوتر و تجهیزات جانبی,کامپیوتر و تجهیزات جانبی,computer-parts,5966
5,ماشین های اداری,ماشین های اداری,office-machines,5966
6,دوربین,دوربین,camera,5966
7,صوتی و تصویری,صوتی و تصویری,video-audio-entertainment,5753
8,کتاب، لوازم تحریر و هنر,کتاب، لوازم تحریر و هنر,book-and-media,0
11,گوشی موبایل,گوشی موبایل,mobile-phone,1
12,لوازم جانبی گوشی موبایل,لوازم جانبی گوشی موبایل,mobile-accessories,6060
13,تبلت,تبلت,tablet,2
14,کتاب‌خوان و کاغذ دیجیتالی,کتاب‌خوان و کاغذ دیجیتالی,ebook-reader,2
15,رهیاب ماهواره‌ای,رهیاب ماهواره ای,gps-navigator,2
17,لوازم جانبی تبلت,لوازم جانبی تبلت,tablet-accessories,6060
18,لپ تاپ و الترابوک,لپ تاپ و الترابوک,notebook-netbook-ultrabook,3
19,لوازم جانبی لپ تاپ,لوازم جانبی لپ تاپ,laptop-accessories,3
20,کامپیوترهای All-in-One,کامپیوترهای All-in-One,all-in-pc,4
21,تجهیزات شبکه و ارتباطات,تجهیزات شبکه و ارتباطات,network,4
22,تجهیزات ذخیره‌سازی اطلاعات,تجهیزات ذخیره سازی اطلاعات,data-storage,4
23,کامپیوتر سرور,کامپیوتر سرور,server-computer,4
24,مانیتور,Monitor,monitor,4
25,اسپیکر (بلندگو),اسپیکر (بلندگو),speaker,4
26,ماوس (موشواره),ماوس (موشواره),mouse,4
27,کیبورد (صفحه کلید),کیبورد (صفحه کلید),keyboard,4
28,قلم نوری,قلم نوری,digital-pen,4
29,وب‌کم,وب کم,webcam,4
30,گیرنده تلویزیون دیجیتال USB,گیرنده تلویزیون دیجیتال USB,usb-dvb-t,6398
31,قطعات کامپیوتر,قطعات کامپیوتر,computer-devices,4
34,پرینتر,پرینتر,printer,5
35,اسکنر,اسکنر,scanner,5
36,فکس,فکس,fax,5
37,دستگاه کپی,دستگاه کپی,coppier,5
39,تلفن,تلفن,telephone,5
40,ماشین حساب,ماشین حساب,calculator,5
41,صندوق فروشگاهی,صندوق فروشگاهی,cashier-machine,8661
42,اسکناس شمار,اسکناس شمار,cash-counter,5
43,ویدیو پروژکتور,Video Projector,data-video-projector,5
44,کاغذ خردکن,کاغذ خرد کن,shredder,5
45,دستگاه کنترل تردد,دستگاه کنترل تردد,employee-timeclock,5
46,بارکد خوان,بارکد خوان,barcode-reader,5
48,دوربین عکاسی,دوربین عکاسی,digital-camera,6
49,دوربین فیلم برداری,دوربین فیلم برداری,camcorder,6
51,لوازم جانبی عکاسی و فیلم برداری,لوازم جانبی عکاسی و فیلم برداری,camera-accessories,6
53,سینمای خانگی,سینمای خانگی,home-theatre,7
54,سیستم صوتی خانگی,سیستم صوتی خانگی,home-audio-systems,7
55,پخش کننده DVD,پخش کننده DVD,dvd-player,5920
56,پخش کننده Blu-Ray,پخش کننده Blu-Ray,blu-ray-player,5920
57,گیرنده دیجیتال DVB-T,گیرنده دیجیتال DVB-T,set-top-box,6398
58,پخش کننده خانگی,پخش کننده خانگی,home-multimedia-player,5920
59,سیستم صوتی و تصویری خودرو,سیستم صوتی و تصویری خودرو,car-stereo,10688
60,کنسول بازی,کنسول بازی,game-console,5966
62,ضبط کننده صدا,ضبط کننده صدا,ic-rcorder,7
63,پخش کننده چندرسانه ای پرتابل,پخش کننده چندرسانه ای پرتابل,portable-music-video-player,5920
64,فلش مموری,فلش مموری,usb-flash-memory,22
67,کارت شبکه,کارت شبکه,network-card,21
68,هارد دیسک اکسترنال,هارد دیسک اکسترنال,external-hard-disk,22
69,حافظه SSD اینترنال,internal SSD,internal-ssd,22
70,کارت حافظه,کارت حافظه,memory-cards,51
76,محافظ صفحه نمایش گوشی,محافظ صفحه نمایش گوشی,cell-phone-screen-guard,12
77,کیف و کاور گوشی,کیف و کاور گوشی,cell-phone-pouch-cover,12
79,باتری گوشی,باتری گوشی,cell-phone-battery,12
80,کابل شارژ و مبدل,کابل شارژ و مبدل,cell-phone-data-cable,12
81,پایه نگهدارنده گوشی و تبلت,پایه نگهدارنده گوشی و تبلت,cell-phone-holder,12
82,قطعات جانبی موبایل و تبلت و هدفون,"mobile phones, tablets and headphones accessories",mobile-phones-tablets-and-headphones-accessories,12
84,قلم لمسی (Stylus),قلم لمسی (Stylus),stylus,17
86,محافظ صفحه نمایش تبلت,محافظ صفحه نمایش تبلت,tablet-screen-guard,17
87,کیف و کاور تبلت,کیف و کاور تبلت,tablet-bag-and-cover,17
88,استند تبلت,استند تبلت,tablet-stand,17
89,کیبورد مخصوص تبلت,کیبورد مخصوص تبلت,tablet-keyboard,17
91,کیت تمیز کننده,کیت تمیز کننده,cleaner-kit,12
97,کیف و کاور لپ تاپ,کیف و کاور لپ تاپ,laptop-bag,19
98,استند و پایه خنک‌کننده,استند و پایه خنک کننده,stand-cooling-pad,19
100,ماوس پد,ماوس پد,mouse-pad,4
101,باتری لپ‌تاپ,باتری لپ تاپ,laptop-battery,19
102,شارژر مخصوص لپ‌تاپ,شارژر مخصوص لپ تاپ,laptop-charger,19
103,درایو نوری,درایو نوری,optical-drive,4
104,کارت‌خوان,کارت خوان,ram-reader,4
107,سه پایه و تک پایه,سه پایه و تک پایه,tripod-monopod,51
108,فلاش,فلاش,external-flash,51
109,لنز دوربین,لنز دوربین,camera-lens,51
110,کیف دوربین,کیف دوربین,camera-bag,51
111,تجهیزات آتلیه و نورپردازی,تجهیزات آتلیه و نورپردازی,lighting-tools,51
113,باتری لیتیومی,باتری لیتیومی,camera-li-ion-battery,5879
114,کتاب آموزش عکاسی و راهنمای دوربین,کتاب آموزش عکاسی و راهنمای دوربین,camera-photography-user-manual,51
115,ریموت کنترل دوربین,ریموت کنترل دوربین,camera-remote-controller,51
116,محافظ صفحه نمایش دوربین,محافظ صفحه نمایش دوربین,camera-display-protector,51
119,گریپ دوربین,گریپ دوربین,battery-grip,5877
121,قاب عکس دیجیتال,قاب عکس دیجیتال,digital-picture-viewer,51
123,سر سه پایه,سر سه پایه,tripod-head,51
125,فیلتر لنز و آداپتور فیلتر,فیلتر لنز و آداپتور فیلتر,lens-filter,51
126,چادر عکاسی,چادر عکاسی,light-tent,111
129,فون (پرده),فون (پرده),backdrop,111
132,رادیو تریگر,رادیو تریگر,radio-trigger,111
134,رفلکتور,رفلکتور,reflector,111
139,چتر فلاش آتلیه,چتر فلاش آتلیه,umbrella,111
140,سافت باکس,سافت باکس,softbox,111
141,نور ثابت,نور ثابت,studio-constant-light,111
142,فلاش آتلیه ای,فلاش آتلیه ای,strobe,111
143,سه پایه نگهدارنده,سه پایه نگهدارنده,pod,111
144,نرم‌افزارهای امنیتی,نرم افزارهای امنیتی,security-software,5817
145,سیستم عامل,سیستم عامل,os-software,5817
146,مجموعه نرم افزاری,مجموعه نرم افزاری,pc-mac-software,5817
150,فیلم سینمایی,فیلم سینمایی,movie,5900
151,موسیقی با کلام,موسیقی با کلام,vocal-music,5905
152,کتاب صوتی,کتاب صوتی,audio-book,5916
156,ساعت دیواری و ایستاده,ساعت های تزئینی,clocks,10963
162,ترازو,ترازو,digital-scale,8573
163,میکروسکوپ,میکروسکوپ,microscope,5875
164,مولتی متر و ال سی آر متر,مولتی متر,multimeter,6073
168,لیزر پوینتر,لیزر پوینتر,laser-pointer,5
173,تلسکوپ,تلسکوپ,telescope,6
174,دوربین دو چشمی و تک چشمی,دوربین دو چشمی و تک چشمی,binoculars,11110
193,مودم - روتر 3G و 4G و 5G,"3G, 4G and 5G Modem - Router",3g-4g-and-5g-modem-router,21
194,روتر و اکسس پوینت,روتر و اکسس پوینت,router-accesspoint,21
195,سوییچ,سوییچ,switch,21
196,هاب سوئیچ,هاب سوئیچ,hub-switch,21
197,آنتن تقویتی,آنتن تقویتی,antenna,21
200,ذخیره ساز تحت شبکه (NAS),ذخیره ساز تحت شبکه (NAS),nas,21
201,پرینت سرور,پرینت سرور,print-server,5
204,دوربین های امنیتی و نظارتی,دوربین های امنیتی و نظارتی,network-cam,11052
206,اتصالات شبکه,اتصالات شبکه,network-connections,21
208,کارت گرافیک,کارت گرافیک,graphics-card,31
209,رم کامپیوتر و لپ‌تاپ (RAM),رم کامپیوتر (RAM),ram,31
210,هارددیسک اینترنال,هارد دیسک اینترنال,internal-hard-drive,22
211,هدفون، هدست و هندزفری,هدفون، هدست و هندزفری,headphone,5966
213,میکروفون حرفه‌ای,میکروفون حرفه ای,promic,6425
216,کنسول خانگی,کنسول خانگی,station-gaming-consoles,60
218,فرمان ماشین بازی,فرمان ماشین بازی,racing-wheel,1290
219,لوازم جانبی کنسول بازی,لوازم جانبی کنسول بازی,gaming-console-accessories,60
221,هود لنز,هود لنز,lens-hood,51
1271,شارژر تبلت و موبایل,شارژر تبلت و موبایل,car-charger,12
1272,پاوربانک (شارژر همراه),پاوربانک (شارژر همراه),power-bank,12
1274,کابل شبکه (LAN),کابل شبکه (LAN),lan-cable,206
1289,چندراهی برق و محافظ ولتاژ,چندراهی برق و محافظ ولتاژ,power-strip,5581
1290,تجهیزات مخصوص بازی,تجهیزات مخصوص بازی,gaming-accessories,4
1291,دسته بازی,دسته بازی,gamepad,1290
1292,کابل آنتن,کابل آنتن,antenna-cable,206
1293,کابل کمبو,کابل کمبو,cable-combo,206
1317,USB هاب,USB هاب,usb-hub,4
1341,لوازم جانبی پرینتر,لوازم جانبی پرینتر,printer-accessories,5
1343,کاغذ چاپگر و نگاتیو,کاغذ چاپگر و نگاتیو,printer-paper,1341
1344,کابل رابط پرینتر,کابل رابط پرینتر,printer-cable,1341
1345,لوازم جانبی دوربین های ورزشی,لوازم جانبی دوربین های ورزشی,gopro-accessories,51
1346,تونر,تونر,toner,1341
2391,پرینتر لیبل زن و پرینتر حرارتی,پرینتر لیبل زن و پرینتر حرارتی,lable-printer,5959
2393,شارژر باتری لیتیومی دوربین,شارژر باتری لیتیومی دوربین,camera-battery-charger,5879
2397,اتو و حالت دهنده ی مو,اتو و حالت دهنده ی مو,hair-iron,6607
2398,بیگودی,بیگودی و فر کننده ی مو,hair-shaping,6607
2400,برس مو,برس مو,brush,6511
2401,سشوار,سشوار,hair-drier,6607
2402,تصفیه کننده هوا,تصفیه کننده هوا,air-purifier,5855
2403,تصفیه کننده آب,تصفیه کننده آب,water-filters,5753
2404,دستگاه بخور و رطوبت ساز,دستگاه بخور و رطوبت ساز,humidifiers,11254
2405,لوازم جانبی مک بوک,لوازم جانبی مک بوک,macbook-accessories,19
2406,لوازم جانبی آی مک,لوازم جانبی آی مک,imac-accessories,6061
2407,فشارسنج,فشارسنج,digital-sphygmomanometer,8573
2408,دستگاه تست قند خون,Blood sugar test machine,blood-sugar-meter,11249
2409,تب سنج و دماسنج,تب سنج و دماسنج,thermometers,8573
2410,ماساژور برقی,Electric Massager,electric-massager,11068
3347,کنسول دستی و پرتابل,کنسول دستی و پرتابل,portable-gaming-consoles,60
3349,مبدل فیبر,مبدل فیبر,fiber-converter,206
3354,آداپتور شبکه,Network Adaptor,adapter,21
3355,اسپلیتر,اسپلیتر,splitter,206
3357,درام,درام,drum,1341
3358,کارتریج و جوهر مخزن,کارتریج و جوهر مخزن,cartridge,1341
3359,رول,رول,roll,1341
3545,کیت فلاش آتلیه ای,کیت فلاش آتلیه ای,strobe-kit,111
4577,پنکه آتلیه,پنکه آتلیه,studio-fan,111
4580,پرزنتر,پرزنتر,presenter,5
4581,توسعه دهنده محدوده بی‌سیم,توسعه دهنده محدوده بی‌سیم,wireless-range-extender,206
5581,لوازم جانبی صوتی و تصویری,لوازم جانبی صوتی و تصویری,multimedia-accessories,7
5582,کیف اسپیکر,لوازم جانبی پخش کننده های پرتابل,portable-players-accessories,5581
5585,ضبط‌کننده ویدئویی دوربین‌های امنیتی و نظارتی,ضبط‌کننده ویدئوی دوربین‌های امنیتی و نظارتی,network-video-recorder,11052
5586,آداپتور و کانورتر,آداپتور و کانورتر,adapters,51
5589,کابل رابط دوربین,کابل رابط دوربین,camera-cable,51
5590,لوازم جانبی تجهیزات ذخیره سازی,لوازم جانبی تجهیزات ذخیره سازی,storage-accessories,6061
5604,سایر لوازم جانبی صوتی و تصویری,سایر لوازم جانبی صوتی و تصویری,audio-and-video-accessories,5581
5609,بازی کامپیوتر PC,PC Games,pc-game,5981
5695,مجموعه آموزشی,مجموعه آموزشی,learning-collection,5817
5697,پالس اکسیمتر,Pulse oximeter,pulse-oximeter,11254
5698,گام شمار,گام شمار,pedometer,6890
5699,یادآور و نگهدارنده قرص و دارو,یادآور دارو,pill-reminder,11256
5700,لوازم آرایشی,لوازم آرایشی,beauty,5968
5701,سلامت محیط,سلامت محیط,environment-care,5702
5702,سلامت و پزشکی,health-medical,health-care,0
5721,مودم - روتر ADSL,مودم - روتر ADSL,modem-router-adsl,21
5722,کالر آی دی,کالر آی دی,caller-id,5
5725,مانیکور، پدیکور,مانیکور، پدیکور,manicure-pedicure,6465
5726,عینک سه بعدی,عینک سه بعدی,3d-glasses,5581
5737,لوازم جانبی تلفن و فکس,لوازم جانبی تلفن و فکس,telephone-and-fax-accessories,6062
5738,هدست تلفن,هدست تلفن,telephone-headset,5737
5743,رادیو,رادیو,radio,7
5745,مسواک برقی,مسواک برقی,electric-brusher,11324
5746,تشخیص اصالت اسکناس,تشخیص اصالت اسکناس,money-detector,5
5750,برچسب پرینتر لیبل زن,برچسب پرینتر لیبل زن,label-writer,1341
5751,دستگاه پخش خودرو,دستگاه پخش خودرو,car-player,59
5752,بلندگوی خودرو,بلندگوی خودرو,car-speaker,59
5753,لوازم خانگی برقی,لوازم خانگی برقی,home-appliance,0
5772,لوازم مکمل آشپزخانه,لوازم مکمل آشپزخانه,small-appliances,5753
5773,جاروبرقی,جاروبرقی,vaccum-cleaner,5850
5774,جارو شارژی,جارو شارژی,handheld-vacuum,5850
5775,اتو,اتو,iron,5850
5776,آبمیوه گیری,آبمیوه گیری,juicer,5854
5777,غذاساز,غذاساز,food-processor,5853
5778,قهوه ساز برقی,Electric coffee maker,coffee-makers,5854
5779,اسپرسو ساز,اسپرسو ساز,espresso-makers,5854
5780,چای ساز,چای ساز,tea-makers,5854
5781,کتری برقی,کتری برقی,boiler,5854
5782,همزن,همزن,mixer,5853
5783,مخلوط کن,مخلوط کن,blenders,5853
5784,چرخ گوشت,چرخ گوشت,meat-mincers,5853
5785,خردکن,خردکن,chopper,5853
5786,آسیاب,آسیاب,grinder,5853
5788,آون توستر,آون توستر,oven-toaster,5852
5789,توستر,توستر,toaster,5852
5790,ساندویچ ساز، وافل ساز و کرپ ساز,ساندویچ ساز و وافل ساز,sandwich-makers,5852
5792,بخارپز، تخم مرغ پز، نان پز، مولتی کوکر,"Steamer, egg cooker, bread maker, multicooker",steam-cooker,5852
5793,گریل و باربیکیو,گریل و باربیکیو,grill-barbecue,5852
5794,بخار شو,بخار شو,steam-cleaner,5850
5795,شوفاژ برقی,شوفاژ برقی,radiator,5855
5796,بخاری برقی,بخاری برقی,heater,5855
5797,تجهیزات تلفن سانترال,تجهیزات تلفن سانترال,telephone-system-accesories,5737
5798,باتری تلفن,باتری تلفن,battery,5737
5800,گیفت کارت,گیفت کارت,gift-card,60
5801,رول، درام و تونر فکس,رول، درام و تونر فکس,fax-roll,5737
5803,یخچال فریزر,refrigrator freezer,refrigerator-freezer,5753
5804,ماشین لباسشویی,ماشین لباسشویی,washing-machines,5850
5806,ماشین ظرفشویی,ماشین ظرفشویی,dishwasher,5850
5807,اجاق گاز,اجاق گاز,oven,5852
5808,مایکروویو، مایکروفر,اجاق مایکروویو,microwave,5852
5812,میز تلویزیون,میز تلویزیون,tv-tables,8299
5814,سرخ کن,سرخ کن,airfryer,5852
5815,پنکه,پنکه,fan,5855
5817,نرم افزار,نرم افزار,software,5981
5818,دماسنج محیطی,دماسنج محیطی,enviroment-thermometer,8573
5821,لوازم بارکد خوان,لوازم بارکد خوان,barcode-reader-accessories,6062
5824,لوازم بهداشتی,Personal Care,personal-care,5968
5829,تشک و پتوی برقی,تشک و پتوی برقی,electric-underblankets-and-blanket,8573
5831,پرفراژ چک,پرفراژ چک,check-printer,5
5832,مکمل تجهیزات پزشکی,مکمل تجهیزات پزشکی,treatment,5702
5844,مراقبت کودکان,مراقبت کودکان,child-care,5702
5845,آمپلی فایر,آمپلی فایر,amplifier,7
5848,ساعت هوشمند,ساعت هوشمند,smart-watch,6890
5850,لوازم شست و شو و نظافت,لوازم شست و شو و نظافت,cleaning-goods,5753
5852,لوازم پخت و پز,لوازم پخت و پز,cooking,5753
5853,خردکن و غذاساز,خردکن و غذاساز,chopper-foodprocessor,5753
5854,نوشیدنی ساز,نوشیدنی ساز,drink-maker,5753
5855,تهویه، سرمایش و گرمایش,تهویه، سرمایش و گرمایش,airtreatment,5753
5857,سایر لوازم خودرو,سایر لوازم خودرو,in-car-accessories,6175
5859,ترازوی آشپزخانه,ترازوی آشپزخانه,kitchen-weighing-scale,5772
5862,کولر آبی,کولر آبی,iranian-cooler,5855
5863,بخاری,بخاری,gas-heater,5855
5864,تصفیه آب و آبسردکن,تصفیه آب و آبسردکن,water-treatment-and-watercooler,5854
5865,سایر تجهیزات زیبایی,سایر تجهیزات زیبایی,beauty-accesories,9844
5867,لوازم جانبی جاروبرقی و بخار شو,لوازم جانبی جاروبرقی و بخارشو,vacuum-cleaner-consumption,5850
5870,لوازم جانبی ساعت تندرستی,لوازم جانبی ساعت تندرستی,healthy-watches-accessory,5702
5871,لوازم جانبی قطعات کامپیوتر,لوازم جانبی قطعات کامپیوتر,accessory,6061
5872,لوازم جانبی ساعت و مچ بند هوشمند,Smart Band and Watch Accessories,watch-accessorie,6060
5874,سماور برقی,سماور برقی,electric-samovar,5854
5875,میکروسکوپ و ذره بین,میکروسکوپ و ذره بین,microscope-magnifier,6
5876,ذره بین,ذره بین,magnifier,5974
5877,باتری، شارژر و متعلقات,باتری، شارژر و متعلقات,battery-charger-and-accesories,51
5878,باتری و شارژر استاندارد,باتری و شارژر استاندارد,battery-charger-and-accesories-standard,5877
5879,باتری و شارژر دوربین,باتری و شارژر دوربین,camera-battery-compartments,5877
5880,باتری استاندارد,باتری استاندارد,standard-batteries,5878
5885,شارژر استاندارد,شارژر استاندارد,standard-charger,5878
5886,آمپلی فایر خودرو,آمپلی فایر خودرو,car-amplifier,59
5888,خنک کننده پردازنده,خنک کننده پردازنده,cooling-system,6962
5896,لوح فشرده,لوح فشرده,compact-disc,22
5897,کپی برد,کپی برد,copy-board,5
5900,فیلم,فیلم,film-video-content,8
5902,مستند,مستند,documentary,5900
5903,سریال,سریال,series,5900
5904,کنسرت,کنسرت,concert,5900
5905,موسیقی,موسیقی,music-audio-content,8
5906,موسیقی بی‌کلام,موسیقی بی کلام,instrumental-music,5905
5907,محتوای آموزشی,محتوای آموزشی,multimedia-training-pack,8
5908,آموزش زبان,آموزش زبان,language-learning-software,5907
5909,آموزش موسیقی,آموزش موسیقی,music-training,5907
5910,آموزش نرم‌افزار و کامپیوتر,آموزش نرم‌افزار و کامپیوتر,software-computer,5907
5911,کمک آموزشی تحصیلی,کمک آموزشی تحصیلی,learning,5907
5912,حقوق و مدیریت,حقوق و مدیریت,management,5907
5913,بهداشت و خانواده,بهداشت و خانواده,hygiene-and-family,5907
5914,آموزش عکاسی و فیلم‌برداری,آموزش عکاسی و فیلم‌برداری,photography-and-film-training,5907
5916,مترجم و کتاب صوتی,کتاب و نشریات دیجیتال,digital-publication,8
5917,مجلات، نقشه و نشانگر کتاب,مجلات و نقشه,publication,8
5919,مجلات خارجی,مجلات خارجی,magazine,6134
5920,پخش کننده چند رسانه ای,پخش کننده چند رسانه ای,multimedia-player,7
5921,کامپیوترهای کوچک,کامپیوترهای کوچک,mini-pc,4
5922,PDA و دیتا کالکتور,PDA و دیتا کالکتور,pda-and-data-collector,5
5928,لوازم جانبی صوتی و تصویری خودرو,لوازم جانبی صوتی و تصویری خودرو,incar-accessories,59
5929,لوازم جانبی و مصرفی نوشیدنی‌ساز,لوازم جانبی و مصرفی نوشیدنی‌ساز,beverage-maker-accessories,5854
5930,سایر لوازم جانبی تلفن,سایر لوازم جانبی تلفن,additional-phone,5737
5959,پرینتر لیبل زن و لوازم جانبی,پرینتر لیبل زن و لوازم جانبی,lable-printer-and-accesories,5
5960,لوازم جانبی پرینتر لیبل زن و حرارتی,لوازم جانبی پرینتر لیبل زن و حرارتی,label-thermal-accessories,5959
5962,بسته های لوازم تحریر,بسته های لوازم التحریر,stationerybundles,5970
5964,پویا نمایی (انیمیشن),پویا نمایی (انیمیشن),animation,5900
5966,کالای دیجیتال,کالای دیجیتال,electronic-devices,0
5967,خانه و آشپزخانه,خانه، آشپزخانه و ابزار,home-and-kitchen,0
5968,آرایشی و بهداشتی,آرایشی و بهداشتی,personal-appliance,0
5970,لوازم تحریر,لوازم التحریر,stationery,8
5971,نوشت افزار,نوشت افزار,stationery-sub,5970
5972,ابزار نقاشی و رنگ آمیزی,ابزار نقاشی و رنگ آمیزی,drawing-painting-tools,5970
5973,ابزار طراحی و مهندسی,ابزار طراحی و مهندسی,designing-engineering-tools,5970
5974,لوازم اداری,لوازم اداری,office-supplies,5970
5975,دفتر و کاغذ و مقوا,دفتر و کاغذ,paper-notebook,5970
5977,کیف، کوله و جامدادی,کیف، کوله و جامدادی,bags-backpacks,5970
5979,ماژیک,ماژیک,marker,5971
5980,خودکار و روان نویس,خودکار و روان نویس,pen,5971
5981,نرم افزار و بازی,نرم افزار و بازی,software-games,8
5982,مداد,مداد,pencil,5971
5983,مداد نوکی,مداد نوکی,mechanical-pencils,6011
5984,آبرنگ و گواش,آبرنگ و گواش,watercolor-postercolor,5972
5985,پاستل و مداد شمعی,پاستل و مداد شمعی,postel-crayon,5972
5986,تراش,تراش,sharpener,5971
5987,پاک کن و غلط گیر,پاک کن و غلط گیر,cleaners,5971
5988,چسب,چسب,glue,5974
5989,قیچی,قیچی,scissor,5974
5992,مهر و استامپ,مهر و استامپ,stamp,5974
5993,خط کش,خط کش,ruler,5973
5994,پرگار,پرگار,compass,5973
5998,آموزش تعمیرات,آموزش تعمیرات,repairing-training,5907
6000,جامدادی,جامدادی,pencilcase,5977
6004,دفتر,دفتر,notebook,5975
6005,کاغذ,کاغذ,paper,5975
6011,مداد نوکی و نوک,مداد نوکی و نوک,mechanical-pencils-and-tips,5971
6012,نوک,نوک,tip,6011
6013,اقلام مصرفی لوازم اداری,اقلام مصرفی لوازم اداری,office-consumable-items,5974
6014,لوازم اداری رومیزی,لوازم اداری رومیزی,desktop-office-products,5974
6016,فرهنگ، هنر و فلسفه,فرهنگ، هنر و فلسفه,culture-art-philosophy,5907
6017,کیف و کوله مدرسه,کیف و کوله مدرسه,bags,5977
6018,کاتر,کاتر,cutter,6072
6019,مجموعه لوازم اداری,مجموعه لوازم اداری,office-supply-bundles,5974
6020,لوازم سفر و کمپینگ,تجهیزات سفر,traveling-equipment,6124
6021,چمدان,ساک و چمدان,trolley-case-and-luggage,11106
6022,ورزش و سرگرمی,ورزش و سرگرمی,sport-and-entertainment,5907
6023,کیف و کوله سفری,Travell bages and backpackes,bag-and-backpack,11106
6024,تخته,تخته وایت‌برد و کلیربرد,whiteboard,5974
6025,آموزش موبایل و تبلت,آموزش موبایل و تبلت,mobile-and-tablet-tutorial,5907
6026,فیلم تئاتر,فیلم تئاتر,recorded-theatre,5900
6027,اسباب بازی,اسباب بازی,toys,0
6028,بوردگیم، اوریگامی و بازی فکری,فکری و آموزشی,intellectual-and-educational,6027
6029,بازی فکری,بازی فکری,intellectual-game,6028
6030,بازی آموزشی,بازی آموزشی,educational-game,6028
6031,ساختنی، لگو و پازل,پازل و ساختنی,puzzles-and-building,6027
6033,ساختنی,ساختنی,building,6031
6035,پازل,پازل,puzzle,6031
6038,عروسک، فیگور و ربات,عروسک و مدل,toy-and-model,6027
6042,عروسک,عروسک,doll,6038
6043,ربات,ربات,robot,6038
6044,آشنایی با فنون,آشنایی با فنون,doll-house,6058
6048,اسپری,اسپری,spray,6162
6050,بازی جنگی و مبارزه‌ای,تفنگ و مبارزه,guns-and-combat,6027
6051,تفنگ,تفنگ,gun,6050
6054,وسایل بازی نقلیه و کنترلی,ماشین، هواپیما و قطار,car-plane-and-ship,6027
6055,ماشین بازی,ماشین,car,6054
6056,بازی شانسی و ضداسترس,شوخی و سرگرمی,humor-and-entertainment,6027
6057,تجهیزات اسباب بازی جنگی,لوازم جانبی تفنگ,gun-ac,10684
6058,بازی نقش آفرینی و مشاغل,نقش آفرینی,role-play,6027
6059,ایفای نقش,ایفای نقش,characters,6058
6060,لوازم جانبی کالای دیجیتال,لوازم جانبی کالای دیجیتال,accessories-main,5966
6061,لوازم جانبی کامپیوتر,لوازم جانبی کامپیوتر,computer-accessories,4
6062,لوازم جانبی اداری,لوازم جانبی اداری,office-accessories,6060
6063,ابزار غیر برقی,ابزار غیر برقی,non-electrical-tools,8450
6071,ابزار برقی و شارژی,ابزار برقی,power-tools,8450
6072,ابزار دستی,ابزار دستی,hand-tools,6063
6073,ابزار دقیق و  اندازه گیری,ابزار دقیق و  اندازه گیری,measurement,8450
6074,ابزارهای اندازه گیری دیجیتالی و لیزری,ابزارهای اندازه گیری دیجیتالی و لیزری,distance-measurer,6073
6075,باغبانی و کشاورزی,باغبانی,gardening-tools,8450
6076,اره زنجیری,اره زنجیری,chain-saws,10691
6077,شمشاد زن موتوری,شمشاد زن موتوری,hedge-cutters,10703
6078,داس موتوری,داس موتوری,brush-cutters,10703
6079,چمن زن برقی/موتوری,چمن زن برقی/موتوری,lawnmower,10703
6081,موتور,موتور,motorcycle,6054
6082,لوازم جانبی پازل و ساختنی,لوازم جانبی پازل و ساختنی,puzzles-and-building-ac,10684
6083,ابزار شوخی,ابزار شوخی,humor-toy,6056
6084,مجلات داخلی,مجلات داخلی,domestic-magazines,6134
6085,اصلاح موی صورت,اصلاح موی صورت,shaver,6607
6086,اصلاح موی سر,اصلاح موی سر,hair-trimmer,6607
6087,موزن بینی و گوش,Nose Ear Trimmer,nose-clipping,6607
6088,آهن ربا,آهن ربا,refrigerator-magnets,5974
6089,لوازم ورزشی,لوازم ورزشی,sport,6124
6090,کوه‌ نوردی و صخره نوردی,کوه‌نوردی و کمپینگ,hiking-and-camping,6020
6091,ورزش های توپی,ورزش های توپی,ball-sports,6089
6094,توپ,توپ,ball,10659
6095,راکت,راکت,racquet,10659
6096,تنیس، بدمینتون، اسکواش,تنیس، بدمینتون، اسکواش,tennis-badminton-squash,6095
6097,پینگ پنگ,پینگ پنگ,pingpong,6095
6098,لوازم جانبی راکت,لوازم جانبی راکت,racket-acc,6095
6099,چراغ قوه,چراغ قوه,flashlight,6090
6100,اجاق و ظرف سفری,اجاق و ظرف سفری,camping-stove,11109
6102,قمقمه، فلاسک و کلمن,قمقمه و فلاسک,flask,11110
6103,کیسه خواب,کیسه خواب,sleeping-bag,11108
6104,چادر مسافرتی,چادر,tent,11108
6105,چاقوی سفر و ابزار چند کاره,چاقوی سفر و ابزار چند کاره,camping-knife,11110
6106,عصای کوهنوردی,عصا,staff,6090
6107,ورزش های آبی,ورزش های آبی,water-games,6089
6108,عینک شنا,عینک شنا,goggles,10661
6109,کلاه شنا,کلاه شنا,caps,10661
6111,ورزش های رزمی,ورزش های رزمی,martial-arts,6089
6112,ورزش های هوازی و تناسب اندام,ورزش های هوازی و بدنسازی,aerobic,6089
6113,دستکش رزمی,دستکش رزمی,military-gloves,10666
6115,طناب,طناب,rope,10670
6116,تجهیزات جانبی ایروبیک و تناسب اندام,تجهیزات جانبی ایروبیک و تناسب اندام,stretching-tools,10670
6117,پوشش‌های دفاعی,پوشش‌های دفاعی,guarding-clothes,10666
6118,کیسه بوکس,کیسه بوکس,punching-bag,10665
6119,دمبل,دمبل,dumbbell,10670
6120,میت,میت,clapper,10665
6121,بارفیکس,بارفیکس,pullup,10670
6122,دارت,دارت,darts,10676
6123,زیر انداز,زیر انداز,mat,11108
6124,ورزش و سفر,ورزش و سفر,sport-entertainment,0
6125,ورزش های فکری,ورزش های فکری,strategy-game,6089
6126,شطرنج,شطرنج,chess,6125
6127,لوازم جانبی شنا,لوازم جانبی شنا,swimming-accessories,10661
6128,هواپیما و هلیکوپتر,هواپیما و هلیکوپتر,airplanes-and-helicopters,6054
6129,تجهیزات جانبی سفر و کمپینگ,تجهیزات جانبی کوه‌نوردی و سفر,travel-accessories,11110
6130,اصلاح موی بدن بانوان,اصلاح موی بدن بانوان,epilator,6607
6131,مبدل برق,مبدل برق,power-supply,12
6132,اصلاح موی بدن آقایان,اصلاح موی بدن آقایان,body-groom,6607
6133,اسباب بازی زینتی,اسباب بازی زینتی,decorative-toys,6038
6134,مجلات,مجلات,magazines,5917
6139,عطر و ادکلن مردانه,عطر و ادکلن مردانه,perfume,6162
6141,ابزار بایگانی,ابزار بایگانی,archivetolols,5974
6143,اره برقی,اره برقی,carpenterysaw,10691
6144,دستگاه سنباده زن,دستگاه سنباده زن,sandingmachine,10692
6148,چسب صنعتی,چسب صنعتی,industrial-glue,8113
6149,مته و سری,مته و سری,drillbit,8111
6151,صفحه فرز و پولیش,صفحه فرز و پولیش,grinding-disc,8111
6152,قطار,قطار,train,6054
6153,آلات موسیقی,آلات موسیقی,musicalinstruments,8
6154,گیتار,گیتار,guitar,10630
6155,پیانو,پیانو دیجیتال,digitalpiano,6579
6156,سازدهنی,سازدهنی,harmonica,6562
6162,عطر و ادکلن,عطر و ادکلن,perfume-all,5968
6163,دیفیوزر,دیفیوزر,diffuser,111
6164,کیبورد و ارگ,کیبورد و ارگ,keybord-organ,10613
6165,آچار,آچار,wrench,6072
6166,قیچی‌، چاقو و ابزار باغبانی,قیچی‌، چاقو و ابزار باغبانی,scissors,10703
6167,جعبه و کیف ابزار,جعبه و کیف ابزار,tool-box,6667
6168,انبر,انبر,pliers,6072
6169,چکش,چکش,hammer,6072
6170,متر,متر,meter,6073
6171,تراز,تراز,level,6073
6172,لوازم روانکاری,لوازم روانکاری,oilcan,6072
6173,پیچ گوشتی و فازمتر,پیچ گوشتی و فازمتر,screwdriver,6072
6175,لوازم جانبی خودرو,لوازم جانبی خودرو,car-accessory-parts,10688
6176,فرز و سنگ رومیزی,فرز و سنگ رومیزی,anglegrinder,10692
6177,پولیش,پولیش,polisher,10692
6178,دریل,دریل,drill,10693
6179,پیچ گوشتی برقی و شارژی,پیچ گوشتی برقی و شارژی,cordlessscrewdriver,10693
6184,کارواش,کارواش,carwash,8353
6185,مکنده - دمنده,مکنده - دمنده,blower,10696
6186,انبر پرچ,انبر پرچ,rivetgun,6072
6187,سشوار صنعتی,سشوار صنعتی,heatgun,10696
6189,رنده کارگاهی,رنده کارگاهی,electricshaver,10692
6190,اره,اره,saw,10703
6191,کمپرسور هوا,کمپرسور هوا,air-compressors,8356
6192,ویولن,ویولن,violin,10630
6193,درامز,درامز,drums,6524
6194,تیغه اره و رنده,تیغه اره و رنده,blade,8111
6195,دستگاه جوش,دستگاه جوش,welder,10695
6202,اسباب بازی جنگی,اسباب بازی جنگی,toywar,6050
6203,قایق، کشتی و مدل,قایق، کشتی و مدل,model,6054
6204,منگنه کوب,منگنه کوب,stapler,6072
6205,پیستوله و رنگ پاش,پیستوله,spray-gun,10696
6206,دستگاه چسب,دستگاه چسب,glue-gun,10695
6209,خودنویس,خودنویس,fountain-pen,5971
6210,سرامیک شوی و فرش شوی,سرامیک شوی و فرش شوی,hard-floor-carpet-cleaner,5850
6212,چشمه شکلات,چشمه شکلات,chocolate-fountain,5772
6216,جوهر و سایر لوازم,جوهر و سایر لوازم,stationery-ink,5971
6218,دانگل بلوتوث,دانگل بلوتوث,bluetooth-dongle,6061
6219,کابل های رابط,کابل های رابط,connector-cable,19
6220,کابل افزایش طول,کابل افزایش طول,cable-length,6219
6221,کابل صوتی و تصویری,کابل صوتی و تصویری,cable-voice-video,6219
6223,ملودیکا,ملودیکا,melodica,6562
6224,سیم آلات موسیقی,سیم آلات موسیقی,musicinstrumentsstrings,6425
6226,آشپزخانه,آشپزخانه,home-kitchen-appliances,5967
6227,لوازم پخت و پز,لوازم پخت و پز,kitchen-appliances,6226
6228,ظروف پخت و پز,ظروف پخت و پز,cookware,10637
6229,زودپز,زودپز,pressurecooker,10637
6232,شیر جوش - قهوه جوش,شیر جوش - قهوه جوش,milkandcofeemaker,6256
6233,گیرنده - فرستنده صدا,گیرنده - فرستنده صدا,audiotransmitterreceiver,5581
6235,کیس و کاور,کیس و کاور,case-and-cover,6425
6236,کابل تلفن,کابل تلفن,telephone-cable,5737
6238,سالنامه,سالنامه,calendar,5970
6239,دستگاه هویه,هویه,solder-gun,11011
6240,پروفیل بر,پروفیل بر,cut-off,10691
6241,شعله افکن,شعله افکن,torch,6072
6242,تلمبه,تلمبه,air-pump,6072
6243,پمپ سیالات,پمپ سیالات,water-pump,10703
6244,دستگاه جوش لوله پلیمری,دستگاه جوش لوله پلیمری,polymer-pipe-welder,10695
6246,خواب,خواب و حمام,bedandbath,5967
6247,ابزار آشپزی,ابزار آشپزی,cookingtools,10639
6249,دکوراسیون و دکوراتیو,دکوراتیو,decorative,5967
6250,شستشو و نظافت,شستشو و نظافت,cleaning,5967
6251,لوازم نظافت,ابزار نظافت,cleaningtools,6250
6252,نظافت لباس,نظافت لباس,shoesandclothingcleaning,6250
6253,لوازم اتو,لوازم اتو,ironingac,5850
6254,سرو و پذیرایی,سرو و پذیرایی,serving,5967
6255,سرویس پخت و پز,سرویس پخت و پز,cookwareset,10637
6256,تهیه و سرو چای و قهوه,تهیه و سرو چای و قهوه,kettleandteapot,6226
6257,لوازم تهیه کیک و دسر,ابزار کیک و شیرینی پزی,pastry,6226
6258,سرویس چای خوری,سرویس چای خوری,teasets,6254
6261,قوری,قوری,teapot,6256
6262,اقلام سرویس خواب,خواب,sleeping,6246
6263,حمام و سرویس بهداشتی,حمام,bath,5967
6264,سرویس بهداشتی,دستشویی,watercloset,6263
6265,کوسن,کوسن,cushion,10653
6266,پتو,پتو,blankets,6246
6268,سینی,سینی,tray,6254
6269,حوله,حوله,towel,10654
6270,کتری و قوری,کتری و قوری,kettlteapot,6256
6272,قاشق، چنگال و کارد,قاشق، چنگال و کارد,forkandspoonnandknife,10646
6273,روقوری,روقوری,teapotcover,6256
6274,منسوجات آشپزخانه,حوله و دستمال آشپزخانه,towelhandkerchief,6226
6275,دستگیره,دستگیره,hand-kerchief,6274
6276,پیش بند,پیش بند,apron,6274
6277,لوازم جانبی هویه,لوازم جانبی هویه,soldering-accessorries,8111
6279,میز اتو,میز اتو,irontable,6253
6280,سرویس خواب,سرویس خواب,sleepset,6246
6281,لوازم جانبی NAS و سرور,لوازم جانبی NAS و سرور,nas-accessories,21
6282,قالب کیک، شیرینی و دسر,قالب شیرینی پزی,pastryform,10640
6283,ابزار تهیه کیک و دسر,ابزار شیرینی پزی,pastrytools,6257
6285,سرویس پارچ و لیوان,سرویس پارچ و لیوان,mugjugset,6286
6286,پارچ، بطری و لیوان,پارچ، بطری و لیوان,mugandjugset,6254
6287,پارچ و بطری,پارچ,jug,6286
6289,لیوان و فنجان,ماگ، لیوان و فنجان,cupandmug,6286
6290,بند سیار,بند سیار,clothhanger,10642
6291,اسکیت و اسکوتر,اسکیت و اسکوتر,skate,10668
6292,اسکیت کفشی و اسکیت بورد,اسکیت کفشی و اسکیت بورد,roller-skate,6291
6294,دستمال نظافت یکبار مصرف,دستمال نظافت یکبار مصرف,handkerchief,10285
6295,پادری,پادری,door-mat,10654
6297,رومیزی و رانر,رومیزی,tablecloths,10653
6298,دم کنی,دم کنی,ricecookerblankcet,6274
6299,زیر قابلمه‌ای و زیربشقابی,زیر قابلمه‌ای و زیربشقابی,panmate,10644
6300,ظروف آشپزخانه,بشقاب و سایر ظروف,plateandetc,6226
6301,ظرف نگهدارنده,ظروف نگهدارنده,container,6300
6302,بشقاب,بشقاب,plate,6254
6303,پرده حمام,پرده حمام,showercurtains,10654
6304,کیسه نان و سبزی,کیسه نان و سبزی,breadandvegetablebag,6274
6305,کاسه و پیاله,کاسه و پیاله,bowl,6254
6306,بستنی خوری,بستنی خوری,ice-cream-maker,6254
6307,مجسمه و تندیس,مجسمه و تندیس,statue,6249
6308,دکوراتیو,لوازم تزیینی,decorative-ac,6249
6311,شمع,شمع,candle,6308
6312,شمعدان,شمعدان,candlestick,6308
6313,شکر پاش و نمک پاش,شکر پاش و نمک پاش,salt-sugar-shaker,6300
6314,سبد، آبکش و لگن,آبکش، کاسه، سطل,drainbowlsbuckets,6300
6315,آبکش و آبگیر,آبکش و آبگیر,virgobasin,6314
6316,بانکه و ظروف بنشن,ظروف بنشن,legumecontainer,6300
6317,صافی,صافی,virgo-1,10643
6318,سطل,سطل,bucket,6251
6319,جای ادویه,Spice Shaker,spice-shaker,6300
6321,سس خوری و آبلیمو خوری,سس خوری و آبلیمو خوری,sausedish,6254
6322,تخته گوشت,تخته گوشت,meat-board,10639
6323,دمپایی,دمپایی,slippers,10654
6324,سبد رخت چرک,سبد رخت چرک,clothbasket,6252
6326,ظرف نان,ظرف نان,bread-basket,6300
6327,بالش,بالش,pillow,6246
6328,ملحفه,ملحفه,sheet,6262
6329,سرویس غذاخوری,سرویس غذاخوری,dinnerware-sets,6254
6330,گل و گلدان,گل و گلدان,flower-pot,6308
6331,زیر سیگاری,زیر سیگاری,ashtray,8465
6332,زیر لیوانی,زیر لیوانی,coasters,10644
6333,در قابلمه,در قابلمه,in-pot,10643
6334,سبد سیب زمینی و پیاز,سبد سیب زمینی و پیاز,basket-of-potatoes-and-onions,6300
6335,رو بالشی,رو بالشی,pillowscover,6262
6336,ظروف سرو و پذیرایی,ظروف سرو و پذیرایی,servingware,6254
6337,ظرف برنج,ظرف برنج,rice-dish,6300
6338,بطری,بطری,bottle,6300
6340,زمین شوی,زمین شوی,mop,6251
6341,جارو و خاک‌انداز,جارو و خاک‌انداز,broom,6251
6343,فرچه,فرچه,brush1,6251
6344,ست های نظافت,سرویس نظافت,cleaningset,6251
6345,مخزن مایع دستشویی,مخزن مایع دستشویی,soapdispenser,10655
6346,سرویس و ست لوازم پارچه ای آشپزخانه,سرویس آشپزخانه,home-collection,6274
6347,سبد آشپزخانه,سبد آشپزخانه,kitchenbasket,6314
6350,ظرف و قالب یخ,ظرف و قالب یخ,icetray,6300
6351,ظرف مربا و عسل,ظرف مربا و عسل,jarjam,6300
6352,تشک خوشخواب,تشک,mattress,6624
6354,انواع رنگ‌های نقاشی و سایر ملزومات,انواع رنگ‌های نقاشی و سایر ملزومات,color-of-painting,5972
6355,ظرف پودر رختشویی,ظرف پودر رختشویی,washpowderstand,6252
6356,ست سرویس بهداشتی,ست سرویس بهداشتی,toiletset,10655
6357,تلویزیون,تلویزیون,tv2,7
6359,سایر ظروف,سایر ظروف,othercookwares,10637
6361,ناخن گیر,ناخن گیر,nailclipper,6465
6362,قیچی آشپزخانه,قیچی آشپزخانه,kitchenscissor,10639
6363,آسیاب نمک و فلفل,آسیاب نمک و فلفل,peppergrinder,10643
6364,سرویس کفگیر و ملاقه,سرویس کفگیر و ملاقه,spatulaladleset,10639
6367,ارگانایزر آشپزخانه,ارگانایزر,organizer,6300
6368,کارت پستال,کارت پستال,postcard,6573
6369,فندک آشپزخانه,فندک آشپزخانه,kitchenlighter,10639
6370,پایه رول دستمال,پایه رول دستمال,tissuestand,10655
6371,فایل کشویی,فایل کشویی,drawerfilecabinet,10649
6390,سرویس قاشق، کارد و چنگال,سرویس قاشق، کارد و چنگال,spoonforkknifeset,10646
6394,روشنایی و الکتریکی,نور و روشنایی,lighting,5967
6395,لامپ,لامپ,lamp,10658
6398,گیرنده صوتی و تصویری,گیرنده صوتی و تصویری,avreceiver,7
6400,دستمال سر و گردن,دستمال سر و گردن,headandneckscarves,6875
6405,تقویت کننده تنفس,تقویت کننده تنفس,powerbreath,10670
6406,سازهای افکت,سازهای افکت,effect-instruments,6153
6409,هفت سین,هفت سین,haft-seen-set,6308
6410,قندان,قندان,sugarcubebowl,6254
6411,مترونوم و تیونر,مترونوم و تیونر,metronome-and-tuner,6425
6412,تخم مرغ تزیینی,تخم مرغ تزیینی,decorativeegg,6308
6413,سایر لوازم تزئینی,سایر لوازم تزئینی,other-decorative,6308
6414,اسکوتر,اسکوتر,scooter,6291
6416,صندلی و پایه‌ی آلات موسیقی,صندلی و پایه‌ی آلات موسیقی,stand,6425
6417,سایر لوازم جانبی آلات موسیقی,سایر لوازم جانبی آلات موسیقی,other-music-instruments-accessories,6425
6418,اوریگامی,اوریگامی,origami,6028
6420,دستکش نظافت,دستکش نظافت,glove,10285
6421,بند رخت,بند رخت,clothesline,10642
6422,گیره لباس,گیره لباس,clothespin,6252
6423,کاور پوشاک,کاور پوشاک,gramentbag,6252
6424,لیف,لیف,washingmitt,10654
6425,لوازم جانبی آلات موسیقی,لوازم جانبی آلات موسیقی,musicinstrumentsaccessories,6153
6426,اسکاچ و سیم ظرفشویی,اسکاچ و سیم ظرفشویی,scouringpad,10285
6427,کیسه وکیوم,کیسه وکیوم,vacuumstoragebag,6252
6429,پرزگیر لباس,پرزگیر لباس,adhesivebrush,6252
6430,لوازم جانبی اتو,لوازم جانبی اتو,steamironaccessories,6253
6431,زیرپایی حمام,زیرپایی حمام,bathmat,10654
6432,لوازم پوششی و محافظتی ورزشی,لوازم پوششی و محافظتی ورزشی,cover-and-safety-equipment,10670
6435,کیف پول سفری,کیف پول سفری,wallet,11106
6439,چتر,چتر,umbrella-1,11106
6440,مبدل,مبدل,adaptor,6061
6441,چراغ خواب و آباژور,چراغ خواب و آباژور,decorativelamp,6249
6442,آمپلی‌فایر,آمپلی‌فایر,guitaramps,6425
6444,کاور لوازم خانگی,کاور لوازم خانگی,home-appliances-cover,6250
6446,تجهیزات کوهنوردی و صخره نوردی,تجهیزات کوهنوردی و صخره نوردی,climbing-equipment,6090
6450,بوم نقاشی,بوم نقاشی,boom-paper,5972
6451,صنایع دستی,صنایع دستی,handicraft,8
6452,سفال، سرامیک و چینی,سفال، سرامیک و چینی,clay-and-ceramic,6912
6454,تخته شاسی,تخته شاسی,sketch-board,5972
6455,پالت رنگ,پالت رنگ,palet-color,5972
6456,کفپوش و دیوارپوش,کفپوش و دیوارپوش,wall-panel-flooring,6249
6457,کاغذ دیواری,Wallpapers and Wall Posters,wallpaper,6456
6458,لوازم جانبی گجت,لوازم جانبی گجت,gadget-accessories,10684
6459,کلمن و فلاسک,کلمن و فلاسک,flasks,6254
6462,کرم پودر,foundation,foundation,6470
6463,رژ لب جامد,رژ لب جامد,lipstick,11332
6464,آرایش چشم,آرایش چشم,eye-and-eyebrow,5700
6465,بهداشت و زیبایی ناخن,بهداشت و زیبایی ناخن,nail-care,5700
6466,دست بافته‌ ها، رودوزی و محصولات پارچه ای و چرمی,دست بافته های سنتی و محصولات پارچه ای,textile-industry,6451
6467,کیف دست دوز پارچه ای,کیف دست دوز پارچه ای,handicraft-bag,6466
6470,آرایش صورت,آرایش صورت,face,5700
6471,آرایش لب,آرایش لب,lip,5700
6472,رژ لب مایع,رژ لب مایع,lip-gloss,11332
6474,مداد لب,مداد لب,lip-liner,6471
6475,بالم لب,نرم کننده و بالم لب,lip-cream,6471
6478,ظروف شیشه‌ای,ظروف شیشه‌ای,glassware,6908
6479,آینه دست‌ساز,آینه,mirror,6908
6480,پنکیک,پنکیک,powder,6470
6481,کانسیلر,کانسیلر,concealer,6470
6482,رژ گونه,رژ گونه,blush,6470
6483,پاک کننده آرایش صورت,پاک کننده آرایش صورت,makeup-remover,6486
6484,ابزار آرایش صورت,Makeup-Tools,brush-and-makeup-accesories,6470
6485,ریمل,ریمل,mascara,6464
6486,مراقبت پوست,مراقبت پوست,face-and-body-cream,5968
6487,کرم ضد آفتاب,کرم ضد آفتاب,sunscreen-cream,6486
6488,کرم دور چشم,کرم دور چشم,eye-cream-1,6486
6489,کرم آبرسان و مرطوب کننده,کرم آبرسان و مرطوب کننده,moisturizing-cream,6486
6490,تابلو صنایع دستی,تابلو,panel,6908
6493,کرم ضد چروک,کرم ضد چروک,anti-ageing-cream,6486
6494,کرم موبر,کرم موبر,hair-removal-cream,6520
6496,فیروزه کوبی,فیروزه کوبی,turquoise-tattoo,8017
6497,میناکاری,میناکاری,enamels,8017
6498,خاتم کاری,خاتم کاری,inlay,6822
6499,محصولات استخوانی,محصولات استخوانی,bone-product,6451
6501,پارچه قلمکار,پارچه قلمکار,table-linen,6466
6503,خط چشم,خط چشم,eye-liner,6464
6505,سایه چشم,سایه چشم,eyeshadow,6464
6507,گچ,گچ,chalk,5971
6508,بند آویز و کمربند دوربین,بند و آویز دوربین,strap-and-harness,51
6509,مژه مصنوعی,مژه مصنوعی,lashes,6464
6510,تجهیزات آرایشی چشم و ابرو,تجهیزات آرایشی چشم و ابرو,eye-and-eyebrow-accessories,9844
6511,آرایش مو,آرایش مو,hair-products,5700
6512,رنگ مو,رنگ مو,hair-color-kit,6511
6513,بهداشت دهان و دندان,بهداشت دهان و دندان,dental-hygienist,5824
6515,مسواک,مسواک,tooth-brush,6513
6516,خمیر دندان,خمیر دندان,toothpaste,6513
6517,نخ دندان,نخ دندان,dent-floss,6513
6518,شامپو مو,شامپوی مو,hair-shampoo,6655
6520,لوازم اصلاح مو,لوازم اصلاح مو,hair-shaving-kit,5824
6522,ضد تعریق,ضد تعریق,anti-sweat,5824
6523,رول ضد تعریق,رول ضد تعریق,roll-on-deodorant,6522
6524,سازهای کوبه‌ای,سازهای کوبه‌ای,percussion-instruments,6153
6525,پرکاشن,پرکاشن,percussion,6524
6527,ادوات پرکاشن,ادوات پرکاشن,percussion-accessories,6425
6528,نوار بهداشتی,نوار بهداشتی,sanitary-pad,10030
6529,اسپری ضد تعریق,اسپری ضد تعریق,spray-deodorant,6522
6530,ژل و فوم اصلاح,ژل و فوم اصلاح,gel-and-foam-reform,6520
6531,افتر شیو,افتر شیو,after-shave,6520
6532,استیک ضد تعریق,Deodorant Stick,soapy-roll,6522
6533,شامپو بدن,شامپوی بدن,body-shampoo,6657
6534,بوگیر و خوشبو کننده هوا,خوشبو کننده هوا و بوگیر,airfreshener,10285
6535,ژل مو,ژل مو,styling-gel,6511
6536,دستمال مرطوب,دستمال مرطوب,wet-wipes,6657
6537,لوسیون و روغن بدن,لوسیون و روغن بدن,body-oil-and-lotion,6657
6538,ژل بهداشتی,ژل بهداشتی,genital-cleaning-gel,6657
6539,صابون ضد باکتری,صابون ضد باکتری,antibacterial-soap,6657
6540,ژل شفاف ضد تعریق,ژل شفاف ضد تعریق,clear-gel-deodorant,6522
6542,موبر,موبر,hair-remover-strips,6520
6543,کایت و بادبادک,کایت و بادبادک,kite,10681
6544,کرم برنز کننده,کرم برنز کننده,self-tanning,6486
6545,کرم روشن کننده,کرم روشن کننده,lightening-cream,6486
6546,کرم و ژل ضد جوش,کرم و ژل ضد جوش,anti-acne-cream,6486
6547,شلنگ,شلنگ,hose,10703
6551,کرم پوشاننده,کرم پوشاننده,cover-cream,6486
6554,کرم ضد تعریق,کرم ضد تعریق,deodorant-cream,6522
6556,لایه بردار پوست و اسکراب,لایه بردار پوست,peeling-skin,6486
6557,روغن آفتاب,روغن آفتاب,tanning-oil,6657
6558,کرم و ژل ترمیم کننده,کرم و ژل ترمیم کننده,repair-cream,6486
6559,تندیس و مجسمه دست ساز,تندیس و مجسمه دست ساز,statues-and-sculptures,6908
6560,جک خودرو,جک خودرو,jack,8356
6561,چسب دندان مصنوعی,چسب دندان مصنوعی,denture-adhesive,6513
6562,سازهای بادی,سازهای بادی,wind-instrument,6153
6565,فلوت ریکوردر,فلوت ریکوردر,recorder-flute,6562
6566,فلوت کلیددار,فلوت کلیددار,transverse-flute,6562
6567,کلارینت,کلارینت,clarinet,6562
6569,ساکسیفون,ساکسیفون,saxophone,6562
6570,ترومپت,ترومپت,trumpet,6562
6571,لوازم جانبی کمپرسور هوا,لوازم جانبی کمپرسور هوا,air-compressor-accessorries,8111
6572,ترومبون,ترومبون,trombone,6562
6573,ملزومات هدیه,ملزومات هدیه,gift-tools,5970
6574,کاغذ کادو,کاغذ کادو,gift-paper,6573
6576,منقل و تک شعله,منقل و تک شعله,brazierbarbecue,6227
6577,قیف,قیف,funnel,10643
6578,لاک ناخن,لاک ناخن,nail-polish,6465
6579,پیانو,پیانو,pianos,10613
6580,مداد چشم,مداد چشم,eye-pencil,6464
6581,لوسیون مو,لوسیون مو,hair-lotion,6655
6582,مداد ابرو,مداد ابرو,eyebrow-pencil,10919
6583,رژ لب مدادی,رژ لب مدادی,lipstick-pen,11332
6584,لوازم طراحی ناخن,آرایش ناخن,nail-tips,6465
6585,برنز کننده,برنز کننده,bronzing-powder,6470
6587,تقویت کننده ناخن,تقویت کننده ناخن,cleanser-and-oil-nail,6465
6588,کرم سفت کننده پوست,کرم سفت کننده پوست,firming-mask-cream,6486
6590,کرم و روغن رفع ترک بدن,کرم و روغن رفع ترک بدن,stretch-marks-repair-cream,6486
6591,کرم ضد لک,کرم ضد لک,anti-spot-repairing-cream,6486
6592,کرم لاغری,کرم لاغری,anti-cellulite-cream,6657
6594,سایه ابرو,سایه ابرو,eyebrow-shadow,10919
6595,ماسک و مراقبت مو,ماسک و مراقبت مو,hair-mask,6655
6596,ابزار حمام,ابزار حمام,bathtools,10654
6597,آویز و نگین ناخن,آویز و نگین ناخن,nail-diamonds,6465
6598,لاک پایه,لاک پایه,base-nail-polish,6465
6599,لاک پاک کن,لاک پاک کن,nail-polish-remover,6465
6600,تقویت کننده مو,تقویت کننده مو,lash-and-eyebrow-gel,6655
6601,تیغ و یدک اصلاح,تیغ و یدک اصلاح,shave-blade,6520
6602,قاب عکس دست‌ساز,قاب عکس دست‌ساز,picture-frame,6908
6604,صابون شستشو,صابون شستشو,soap,5824
6605,دهان شویه,دهان شویه,mouthwash,6513
6607,لوازم شخصی برقی,لوازم شخصی برقی,electrical-personal-care,5968
6610,لوازم یکبار مصرف آشپزخانه,لوازم یکبار مصرف آشپزخانه,disposablecontainer,10285
6613,پاکت هدیه و ساک خرید,پاکت هدیه و ساک خرید,gift-bag,6573
6614,مراقبت بعد از اصلاح,Post Depilation,post-dipilation-gel,6520
6617,ماسک صورت و بدن,ماسک صورت و بدن,face-masque,6486
6618,دوچرخه,دوچرخه,bicycles,8216
6621,اسپری مو,اسپری مو,hair-styling-spray,6511
6622,آلبوم عکس,آلبوم عکس,photo-box,5970
6623,نشانگر کتاب,نشانگر کتاب,book-point,5917
6624,تشک,اتاق خواب,bedroom,6246
6625,کمد لباس و ارگانایزر,کمد لباس و ارگانایزر,storagedresser,10649
6629,مبل پاف,مبل پاف,pouf,6466
6630,دکوراسیون و معماری,دکوراسیون و معماری,decoration-and-architecture,5907
6631,روغن مو,روغن مو,hair-oil,6655
6632,ابوا,ابوا,oboe,6562
6633,آچار ضربه ای,آچار ضربه ای,impact-wrench,10693
6641,کفش ورزشی,Sport Shoes,sport-shoes,6124
6654,سرم پوست,سرم پوست,skin-serum,6486
6655,شامپو و مراقبت مو,مراقبت مو,hair-care,5824
6656,سرم و اسپری مو,سرم و اسپری مو,hair-serum-and-spray,6655
6657,بهداشت و مراقبت بدن,بهداشت و مراقبت بدن,body-care,5824
6658,لوازم جانبی اپل واچ,لوازم جانبی اپل واچ,apple-watch-cover,12
6659,سوهان و سنباده,سوهان و سنباده,files,6072
6660,قلم ساختمانی,قلم ساختمانی,chisel,6072
6661,تبر، بیل و کلنگ,تبر، بیل و کلنگ,axeshovelandpick,10703
6662,پیچ و مهره، رول پلاک، میخ و پرچ,پیچ و مهره، رول پلاک، میخ و پرچ,screwandnutsanchoranstrud,8113
6663,گیره و پیچ دستی,گیره و پیچ دستی,vise,6072
6664,مفتول بر، مهره شکن و پولی کش,مفتول بر، مهره شکن و پولی کش,wirecutternutspiliter,6072
6665,ابزار همه کاره برقی، شارژی و دستی,ابزار همه کاره برقی، شارژی و دستی,multitool,6071
6666,سنبه,سنبه,mandrel,6072
6667,نظم دهنده ابزار,نظم دهنده ابزار,tool-organizer,6063
6668,باربر,باربر,porter,10700
6670,عطر جیبی,عطر جیبی,pocket-perfumes,6162
6673,قلم مو,قلم مو,brush-painting,5972
6674,روغن بچه,روغن بچه,baby-oil,10680
6675,ابزار مهمانی,ابزار مهمانی,party-tools,6254
6676,کیف آرشیو,کیف آرشیو,archive-bag,5973
6677,کرم لیفتینگ بدن,کرم لیفتینگ بدن,lift-bust-cream,6657
6678,کیس های اسمبل شده,کیس های اسمبل شده,assembled-cases,4
6679,تخته رسم,تخته رسم,drawing-board,5973
6722,پلاتر,پلاتر,plotter,5
6724,محصولات مسی,محصولات مسی,copper-products,8017
6725,چراغ مطالعه,چراغ مطالعه,light,5970
6726,جعبه و گوی موزیکال,جعبه و گوی موزیکال,musical-globe-and-box,6308
6727,مچ بند هوشمند,مچ بند هوشمند,smartband,6890
6728,ابزار جوشکاری,ابزار جوشکاری,welding-tools,6072
6734,دستمال و حوله دستبافت,دستمال و حوله دستبافت,handmade-towel,6466
6739,نردبان,نردبان,ladders,8337
6740,ابزار نقاشی ساختمان,ابزار نقاشی ساختمان,painting-tools,6072
6741,مادر و کودک,اسباب بازی و کودک,mother-and-child,0
6742,پستانک و لوازم شیردهی,لوازم شخصی,personal-accessories,6741
6743,پستانک و ملزومات,پستانک و ملزومات,pacifier-and-accessories,6742
6744,تغذیه و رشد کودک,غذاخوری,dining-accessories,6741
6745,شیشه شیر، سرلاک و داروخوری,شیشه شیر، سرلاک و داروخوری,baby-bottle,6742
6746,ملزومات شیشه شیر,ملزومات شیشه شیر,baby-bottle-accessory,6742
6748,لوازم آبیاری,لوازم آبیاری,watering-accessories,10703
6749,شیردوش,شیردوش,milking,6742
6750,قاشق، چنگال و ظروف کودک و نوزاد,قاشق، چنگال و ظروف کودک و نوزاد,spoon-forks-and-dishes,6744
6751,دندان گیر کودک و نوزاد,دندان گیر کودک و نوزاد,teether,10679
6755,گیج و کولیس,گیج و کولیس,caliper,6073
6756,گونیا,گونیا,degree-bracket,6072
6757,لوازم بسته بندی,لوازم بسته بندی,accessories-packing,8113
6758,ایمنی و مراقبت,ایمنی و مراقبت,safety-and-care,6741
6759,ابزار ایمنی کودک و نوزاد,ابزار ایمنی کودک و نوزاد,safety-tools-for-children-and-babies,6758
6760,بهداشت و حمام,بهداشت و حمام,health-and-bathroom-tools,6741
6761,کرم، بالم و لوسیون کودک و نوزاد,کرم، بالم و لوسیون کودک و نوزاد,creams-balms-and-lotions,10680
6762,تب سنج و دماسنج کودک و نوزاد,تب سنج و دماسنج کودک و نوزاد,baby-thermometer,10679
6764,محافظ و پد سینه,محافظ و پد سینه,protective-and-chest-pads,6742
6765,شورت آموزشی کودک,شورت آموزشی کودک,training-short,10680
6766,غذاساز و بخارپز کودک و نوزاد,غذاساز و بخارپز کودک و نوزاد,foodprocessor-steamer,6744
6767,تبدیل توالت فرنگی و صندلی حمام,تبدیل توالت فرنگی و صندلی حمام,soft-wc-baby-seat,10678
6768,پوشک کودک و نوزاد,پوشک کودک و نوزاد,diaper,10680
6770,صندلی غذاخوری کودک و نوزاد,صندلی غذاخوری کودک و نوزاد,booster-seat,6744
6772,صندلی خودرو کودک و نوزاد,Kids car Chair,chair-species,6784
6773,پوار بینی,پوار بینی,nasal-aspirator,10679
6774,کالسکه و کریر,کالسکه و کریر,stroller-and-carrier,6784
6777,تشک بازی، پارک بازی و تشک بادی,"Play mats, playgrounds and inflatable mats",play-gym,10681
6778,بالش شیردهی,بالش شیردهی,feeding-pillow,6742
6779,روروک و واکر,روروک و واکر,baby-walkers,6784
6781,استریل، گرم و خشک کننده شیشه شیر,استریل، گرم و خشک کننده شیشه شیر,bottle-warmer-and-strilizer,6742
6782,مانیتور و پیجر اتاق کودک و نوزاد,مانیتور و پیجر اتاق کودک و نوزاد,baby-monitor-and-pager,6758
6784,گردش و سفر,گردش و سفر,promenade-and-travel-accessories,6741
6786,تشک کودک و نوزاد,تشک کودک و نوزاد,baby-mat,6797
6788,جغجغه,جغجغه,rattles,6797
6792,آویز تخت کودک,آویز تخت کودک,crib-toys,6797
6795,چارت اندازه گیری کودک و نوزاد,چارت اندازه گیری کودک و نوزاد,height-measurement-chart,10679
6797,خواب کودک,خواب کودک,baby-bedding,6741
6799,وان حمام کودک و نوزاد,وان حمام کودک و نوزاد,baby-bath-tub,10678
6801,تاب و سرسره,تاب و سرسره,swings-and-slides,10681
6802,کاور دستمال کاغذی و سطل کودک و نوزاد,کاور دستمال کاغذی و سطل کودک و نوزاد,tissue-cover,10680
6804,پودر بچه,پودر بچه,baby-powder,10680
6805,کهنه کودک و نوزاد,کهنه کودک و نوزاد,cloth-diaper,10680
6806,شوینده لباس کودک و نوزاد,شوینده لباس,cloths-cleaner,6741
6807,گوش پاک کن,گوش پاک کن,cotton-swab,6657
6808,ساک لوازم کودک و نوزاد,ساک لوازم کودک و نوزاد,diaper-bag,6784
6809,آغوشی,آغوشی,baby-carrier,6784
6811,کاور شیردهی,کاور شیردهی,feeding-cloak,6742
6813,ترمه,ترمه,termeh,6466
6816,پوشاک ورزشی,پوشاک ورزشی,sports-wear,6124
6818,مینی واش,مینی واش,diaper-cleaner,10678
6822,محصولات چوبی و حصیری,محصولات چوبی و حصیری,woodcraft,6451
6823,خراطی,خراطی,woodturning,6822
6824,جوراب ورزشی زنانه,جوراب ورزشی زنانه,women-socks,9334
6825,جوراب ورزشی مردانه,جوراب ورزشی مردانه,men-socks,9457
6830,ادوات درامز,ادوات درامز,drums-accessories,6425
6831,چوب و لوازم جانبی درامز,چوب درام,drum-stick,6830
6832,طبل,طبل,drum-set,6830
6838,سرویس خواب کودک و نوزاد,سرویس خواب کودک و نوزاد,bed-set,6797
6839,حوله کودک و نوزاد,حوله کودک و نوزاد,baby-towel,10678
6840,پتو کودک و نوزاد,پتو کودک و نوزاد,blanket,6797
6845,پوشک بزرگسال (پوشینه بزرگسال),پوشک بزرگسال,adult-protective-diaper,6657
6848,ملحفه کودک و نوزاد,ملحفه کودک و نوزاد,baby-and-child-sheet,6797
6850,شانه و برس کودک,شانه و برس کودک,comb-and-brushes,10679
6852,پد و کیسه آب گرم,پد و کیسه آب گرم,tot-water-bag,8573
6853,قمقمه و فلاسک کودک و نوزاد,قمقمه و فلاسک کودک و نوزاد,baby-thermos-flask,6744
6864,صابون بچه,صابون بچه,children-soap,10033
6867,کفی طبی,Medical Insoles,medical-insoles,5702
6869,شامپو کودک و نوزاد,شامپو کودک و نوزاد,baby-shampoo,10678
6871,گوش پاک کن کودک و نوزاد,گوش پاک کن کودک و نوزاد,children-cotton-swab,10679
6875,اکسسوری ورزشی,اکسسوری ورزشی,accessoeys,6816
6881,دف,دف,daff,6524
6882,باتری و شارژر,باتری و شارژر,battery-charger,8111
6883,قیچی برقی,قیچی برقی,gauge-shear,10691
6884,میخ کوب,میخ کوب,nailers,6072
6885,ابزار شبکه,ابزار شبکه,network-utilities,206
6887,قهوه ساز و دمنوش ساز,قهوه ساز و دمنوش ساز,coffee-and-herbal-tea-maker,6256
6888,مادربرد,مادربرد,motherboard,31
6889,ریموت کنترل,ریموت کنترل,remote-control,5581
6890,ساعت و مچ بند هوشمند,ساعت و مچ بند هوشمند,wearable-gadget,5966
6891,ارتوپدی و کمک درمانی,ارتوپدی و کمک درمانی,support,5702
6892,زانو بند طبی,medical-knee-brace,medical-knee-brace,6891
6893,مچ بند طبی,Wrist Brace,hand-support,11276
6894,شکم بند طبی,medical belly band,body-support,6891
6895,واکس مو,واکس مو,hair-vax-1,6511
6896,دهان‌شویه و خمیردندان کودک و نوزاد,دهان‌شویه و خمیردندان کودک و نوزاد,children-and-baby-toothpaste,10679
6898,جاروبرقی صنعتی,جاروبرقی صنعتی,industrial-vacuum-cleaner,10694
6899,پردازنده,پردازنده,processor,31
6900,گردنبند طبی,گردنبند طبی,medical-necklace,11276
6901,پایه و هاردور درامز,پایه و هاردور درامز,drums-based-and-hardware,6830
6902,نرم افزارهای حسابداری,نرم افزارهای حسابداری,accounting-software,5817
6903,تجهیزات کارگاهی,تجهیزات کارگاهی,workshop-equipment,10697
6904,پد و پنبه آرایشی,پد و پنبه آرایشی,cotton-pad,9844
6906,فیگور,فیگور,figure,6038
6908,دست سازه های هنری,دست سازه های هنری,art-structures,6451
6909,طبقه و قفسه,طبقه و قفسه,class-and-shelves,6908
6910,جاشمعی، جاعودی و آباژور,جاشمعی، جاعودی و آباژور,candle-holder-and-ood-holder,6908
6911,جاکلیدی,جاکلیدی,key-holder,6908
6912,محصولات سنگی، چینی و سرامیکی,محصولات سنگی,stone-products,6451
6913,جعبه,جعبه,box,6912
6914,گلدان,گلدان,vase,6912
6915,پاف,پاف,sofapouffeandbeanbag,10647
6916,آینه دکوراتیو,آینه,decorative-mirror,6249
6917,لوازم جانبی عکاسی و فیلمبرداری,لوازم جانبی عکاسی و فیلمبرداری,recording-accessories,51
6918,بافتنی,بافتنی,textural,6466
6919,مواد شوینده,مواد شوینده,detergents,10285
6920,شوینده ظروف,شوینده ظروف,dishes-detergents,6919
6922,لوازم جانبی تلسکوپ,لوازم جانبی تلسکوپ,telescope-accessories,51
6923,کیس کامپیوتر,کیس کامپیوتر,computer-chassis,31
6924,شوینده سطوح,تمیزکننده سطوح,surface-cleaner,6919
6925,کابوس گیر,کابوس گیر,dream-catcher,6908
6927,مایع دستشویی,مایع دستشویی,washing-liquid,6919
6928,پودر و ژل سفید کننده,Whitening tooth powder and gel,whitening-toothpowder,6513
6929,خوشبو کننده دهان,خوشبو کننده دهان,mouthth-spray,6513
6931,شوینده فرش و مبل,شوینده فرش و مبل,carpet-and-furniture-shampoo,6919
6932,شوینده لباس,شوینده رخت,clothes-detergents,6919
6934,کلاژ، پوست و فرش رنگ شده,کلاژ، پوست و فرش رنگ شده,collage,6936
6935,کتری و سماور,کتری و سماور,samovar,6256
6936,فرش و گلیم,فرش,carpet,6249
6937,حصیربافی,حصیربافی,mat-weaving,6822
6941,شیشه پاک کن,شیشه پاک کن,glass-cleaner,6919
6942,ماشین آشپزخانه,ماشین آشپزخانه,kitchen-machine,5853
6944,بند ساعت و مچ‌ بند,بند ساعت و مچ‌ بند,watch-band,6060
6946,تابلو,تابلو,decorative-board,10652
6949,فرش دستبافت,فرش دستبافت,handmade-carpet,10633
6950,گبه دستبافت,Gabbeh,gabbeh,10634
6951,تابلو فرش,تابلو فرش,pictorial-carpet,6936
6955,لوازم جانبی گردش و سفر کودک و نوزاد,لوازم جانبی گردش و سفر کودک و نوزاد,children-and-baby-promenade-and-travel-accessories,6784
6957,پایه دیواری و سقفی,پایه دیواری و سقفی,bracket,5581
6958,منبع تغذیه کامپیوتر,منبع تغذیه کامپیوتر,psu,31
6959,مجموعه لوازم جانبی,مجموعه لوازم جانبی,accessories-set,12
6960,کاندوم,کاندوم,condom,10935
6961,لوستر و دیوارکوب,لوستر و دیوارکوب,hanging-lamps,10658
6962,خنک‌ کننده کامپیوتر,خنک‌ کننده کامپیوتر,computer-cooling-system,4
6963,فن کیس,فن کیس,case-fan,6962
6974,سوزن دوزی,سوزن دوزی,needle-sewing,6466
6975,لوازم جانبی نور و روشنایی,لوازم جانبی نور و روشنایی,light-accessories,10658
6976,قلمزنی,قلمزنی,etching,8017
6977,پرده,پرده,curtain,10651
6978,فیکساتور آرایش,تثبیت کننده آرایش,make-up-fixator,6470
8016,گتر,گتر,sports-gaiter,6875
8017,محصولات فلزی,محصولات فلزی,metal-products,6451
8018,کارگاه سیار,کارگاه سیار,portableworkshop,6667
8020,اسکوتر برقی,اسکوتر برقی,sports-hoverboard,6291
8099,تجهیزات تردد، حفاظت و امنیت,حفاظتی و امنیتی,protection-and-security-equipment,8450
8100,صندوق,صندوق,safe,8099
8101,قفل,قفل,lock,8099
8102,کارت هدیه دیجی کالا,کارت هدیه دیجی کالا,digikala-gift-card,10061
8105,چرخ خیاطی,چرخ خیاطی,sewing-machine,5753
8110,سه‌چرخه موتور و ماشین بازی,سه‌چرخه موتور و ماشین بازی,tricycle-and-motorcycle,10681
8111,لوازم جانبی ابزار برقی، شارژی و بادی,لوازم جانبی ابزار برقی، شارژی و بادی,elec-charg-pneumatic-charg-accessories,6071
8113,لوازم مصرفی,لوازم مصرفی,consumer,6063
8120,ضدعفونی کننده,ضد عفونی کننده,disinfectants,6657
8122,پرینتر سه بعدی,پرینتر سه بعدی,3d-printer,5
8123,لوازم جانبی ورزش های توپی,لوازم جانبی ورزش های توپی,ball-sports-accessories,6091
8135,دزدگیر خودرو,دزدگیر خودرو,car-security-system,8189
8137,سه تار,سه تار,setar,10630
8138,تنبور,تنبور,tambour,10630
8140,سنتور,سنتور,dulcimer,10630
8141,تنبک,تنبک,tombak,6524
8145,سمپاش,سمپاش,sprayer,10703
8146,سنگ پای برقی,سنگ پای برقی,foot-rasp,6607
8147,آویز و جاسوییچی کودک,جاسوییچی و آویز,keychain-and-pendent,6797
8156,کولر گازی,کولر گازی,air-conditioner-2,5855
8157,خاک و کود,خاک و کود,soils-and-fertilizers,10701
8159,موتور برق,موتور برق,electric-engine,8743
8160,گوشت کوب برقی,گوشت کوب برقی,hand-blender,5853
8161,گلدان باغبانی,گلدان,flower-pots,10701
8163,روغن و ضد یخ خودرو,روغن و ضد یخ خودرو,oils-and-additives,8451
8164,روغن موتور,روغن موتور,engine-oil,8163
8165,روغن گیربکس,روغن گیربکس,gearbox-oil,8163
8167,روغن ترمز,روغن ترمز,brake-oil,8163
8168,روغن هیدرولیک,روغن هیدرولیک,hydraulic-oil,8163
8169,نمک حمام,نمک حمام,bath-salt,6657
8170,بذر و تخم گیاهان,بذر و تخم گیاهان,plants-grain-and-seeds,10701
8171,تجهیزات استودیویی,تجهیزات استودیویی,studio-equipment,6153
8172,هدفون حرفه‌ای,هدفون حرفه‌ای,monitor-headphones,8171
8173,روغن صورت,روغن صورت,face-oil,6486
8174,قایق و لوازم جانبی,قایق و لوازم جانبی,boat,6107
8177,ناخن مصنوعی,ناخن مصنوعی,nail-extension,6465
8178,اسپیکر مانیتور و اجرای زنده,اسپیکر مانیتور و اجرای زنده,speaker-monitor,8171
8179,قالب بستنی,بستنی ساز,ice-cream-maker-and-tools-,10640
8180,کارت صدا استدیو,Studio Voice Card,sound-card,8171
8182,لوازم یدکی خودرو,لوازم یدکی خودرو,car-spare-parts,10688
8183,تیغه برف پاک کن,تیغه برف پاک کن,wiper-blade,11006
8184,لنت ترمز خودرو,لنت ترمز خودرو,brake-pad,11009
8185,روکش صندلی خودرو,روکش صندلی خودرو,car-chair-covers,8269
8186,میدی کیبورد و کنترلر,میدی کیبورد و کنترلر,midi-keyboard-and-controller,8171
8187,شمع خودرو,شمع خودرو,car-pile,11009
8188,پد عرق گیر,پد عرق گیر,saddlecloth-pad,6522
8189,امنیت خودرو,امنیت خودرو,car-security-systems,6175
8190,قفل فرمان و پدال و زاپاس,قفل فرمان و پدال و زاپاس,streeing-pedal-sapre-tire-lock,8189
8191,میکروفون استودیویی,میکروفون استودیویی,studio-microphone,8171
8192,فیلتر هوا,فیلتر هوا,air-filter,8452
8193,چسب درمانی,چسب درمانی,medical-adhesive,5702
8194,باتری خودرو,باتری خودرو,automotive-battery,11008
8197,کابل تخصصی صدا,کابل تخصصی صدا,pro-audio-cable,8171
8198,فیلتر سوخت,فیلتر سوخت,fuel-filter,8452
8199,فیلتر روغن,فیلتر روغن,oil-filter,8452
8200,ابزار مراقبت از پوست,ابزار مراقبت از پوست,skin-care-accessories,6607
8201,پودر لاک ناخن,پودر لاک ناخن,nail-polish-powder,6465
8202,میکسر,میکسر,sound-mixer,8171
8203,چاپ های سنتی,چاپ های سنتی,traditional-print,6451
8205,فیلتر کابین,فیلتر کابین,cabin-filter,8452
8208,اسکنر سه بعدی,اسکنر سه بعدی,3d-scanner,5
8210,ویلچر,ویلچر,wheelchair,11266
8215,لوازم جانبی اسکوتر برقی,لوازم جانبی اسکوتر برقی,sport-scooter-accessories,6291
8216,دوچرخه سواری,دوچرخه و لوازم جانبی,bicycle,10667
8217,لوازم جانبی دوچرخه,لوازم جانبی دوچرخه,bicycles-accessories,8216
8218,لوازم ایمنی دوچرخه,لوازم ایمنی,safety-accessories,8217
8219,چراغ دوچرخه,چراغ دوچرخه,bicycle-lights,8217
8220,قمقمه دوچرخه,قمقمه دوچرخه,bike-thermos,8217
8221,بوق و زنگ دوچرخه,بوق و زنگ,bell-accessories,8217
8222,چادر و پوشش دوچرخه,چادر و پوشش دوچرخه,cover,8217
8223,دستکش دوچرخه سواری,دستکش دوچرخه سواری,golves-accessory,8217
8224,گریپ و نوار دسته دوچرخه,گریپ و نوار دسته,grip-accessory,8217
8225,بست قمقمه دوچرخه,بست قمقمه,holder,8217
8227,کیف دوچرخه,کیف دوچرخه,bag-accessory,8217
8228,قفل دوچرخه,قفل دوچرخه,lock-accessory,8217
8229,کامپیوتر و حسگر دوچرخه,کامپیوتر و حسگر,computer-and-sensor,8217
8230,تلمبه دوچرخه,تلمبه,pump-accessories,8217
8231,آینه دوچرخه,آینه دوچرخه,mirror-accessory,8217
8233,عینک ورزشی,عینک دوچرخه سواری,glass-accessory,8217
8235,متعلقات استودیو,متعلقات استودیو,studio-belonging,8171
8236,تجهیزات آکوستیک,تجهیزات آکوستیک,acoustic-equipment,8171
8237,اینترفیس میدی,اینترفیس میدی,midi-interface,8171
8240,ابزار دوچرخه,ابزار دوچرخه,tools-accessory,8217
8241,ابزار ایمنی,ابزار ایمنی,safety-tools,8450
8246,علائم ایمنی و نشانه‌ها,علائم ایمنی,safety-signs,8241
8247,هارنس,هارنس,harness,8241
8248,کفش ایمنی,کفش ایمنی,safety-shoes,8241
8249,محافظ گوش,محافظ گوش,ear-protection,8241
8250,عینک ایمنی,عینک ایمنی,safety-glasses,8241
8251,جعبه کمک‌های اولیه,جعبه کمک‌های اولیه,first-aid-kit,8241
8252,ماسک ایمنی,ماسک,mask,10698
8253,کلاه ایمنی,کلاه ایمنی,helmet,8241
8254,دستکش ایمنی,دستکش ایمنی,safety-gloves,8241
8255,کپسول آتش‌نشانی,کپسول آتش‌نشانی,fire-extinguishers,8241
8256,جلیقه ایمنی,جلیقه ایمنی,vest,8241
8257,اکسیدان,اکسیدان,antioxidants,6511
8258,سطل زباله اداری,سطل زباله اداری,recycle-bin,5974
8264,چراغ خودرو,چراغ خودرو,automotive-lighting,11006
8265,رنگ,رنگ,color,8337
8266,لوازم تزئینی باغبانی,لوازم تزئینی باغبانی,decorations-for-gardening,10701
8267,ضبط کننده حرفه ای صدا,ضبط کننده حرفه ای صدا,voice-recorder,8171
8269,لوازم تزئینی خودرو,لوازم تزئینی خودرو,in-car-accessorie,6175
8270,کفپوش خودرو,کفپوش خودرو,car-coating,8269
8273,سر دنده,سر دنده,head-gear,8269
8275,مبلمان و دکوراسیون اداری,دکوراسیون اداری,office-furniture,10645
8276,مبل و صندلی انتظار,مبل و صندلی انتظار,waiting-chair,10650
8277,صندلی اداری,صندلی اداری,office-chair,10650
8280,لامپ خودرو,لامپ خودرو,car-lamp,11008
8281,لوازم توکار,لوازم توکار,built-in-appliances,5753
8282,هود,هود,hood,8281
8283,گاز صفحه ای,گاز صفحه ای,built-in-stove,8281
8284,فر,فر,built-in-oven,8281
8285,ضدعفونی کننده سطوح و مواد غذایی,ضدعفونی کننده,disinfectants-materials,6919
8286,جاسوئیچی وسایل نقلیه,جاسوئیچی خودرو,car-keyring,8269
8287,بالابر زنجیری و پولیفت,بالابر زنجیری و پولیفت,chain-hoist-and-pullift,10697
8288,تجهیزات بازی بادی,تجهیزات بازی بادی,inflatable-toy-equipment,10681
8291,آب مرکبات گیر,آب مرکبات گیر,citrus-juicer,5854
8295,کالای خواب و استراحت طبی,کالای خواب و استراحت طبی,sleep-and-rest-medical,11281
8296,دیسک ترمز,دیسک ترمز,brake-disc,11007
8297,آنتن,آنتن,lighting-antenna,5581
8298,دستگیره در,دستگیره در,doorknob,8337
8299,دکوراسیون خانگی,مبلمان خانگی,household-furniture,10645
8300,میز ناهارخوری,میز ناهارخوری,dining-table,10648
8301,میز پذیرایی,میز جلومبلی,front-furniture-table,10648
8302,شلف و طبقه,طبقه دیواری,wall-shelf,8299
8303,کتابخانه,کتابخانه,home-library,8299
8304,جاکفشی,جاکفشی,shoe-cabinet,10649
8305,مکمل سوخت و روغن خودرو,مکمل سوخت و روغن خودرو,car-oil-and-fuel-additive,8163
8306,قطعات دوچرخه,قطعات دوچرخه,bicycle-parts,8217
8307,تجهیزات نور زنده,تجهیزات نور زنده,lighting-equipment,8171
8308,هواکش,هواکش,exhaust-fans,10657
8311,دوربین نقشه برداری,دوربین نقشه برداری,total-station,6073
8313,ابزار رنگ مو,Hair-Dye-Tool,hair-color-equipment,9844
8318,ماسک پینت بال,ماسک پینت بال,paintball-mask,10674
8321,کمک فنر,کمک فنر,shock-absorber,11007
8329,مبلمان و صندلی دستساز سنتی,مبلمان سنتی,traditional-furniture-and-decoration,10174
8330,کفپوش صندوق خودرو,کفپوش صندوق خودرو,car-trunk-coating,8269
8331,روکش و تزئینات داشبورد خودرو,روکش داشبورد خودرو,car-dashboard-cover,8269
8332,لوازم ویژه خانگی برقی,لوازم ویژه خانگی برقی,special-appliances,5753
8334,آویز,آویز,pendant,8337
8335,قفل و سیلندر در,قفل و سیلندر در,door-lock-cylinder,8337
8336,روکش فرمان,روکش فرمان,steering-wheel-cover,8269
8337,یراق آلات,یراق آلات,construction-tools-and-equipment,8450
8338,کیف چاقو,کیف چاقو,knife-bag,11110
8341,فندک,فندک,burner-and-lighter,8465
8347,خوشبوکننده و تصفیه کننده هوای خودرو,خوشبوکننده و تصفیه کننده هوای خودرو,car-air-freshener-air-purifier,8353
8349,دستمال کاغذی,دستمال کاغذی,tissue-paper,10284
8350,مسیریاب خودرو,مسیریاب خودرو,car-navigation,59
8351,چمدان کودک,چمدان کودک,baby-luggage,6784
8353,نظافت و نگهداری خودرو,نظافت و نگهداری خودرو,car-cleaning-and-maintenance,6175
8354,پد و دستمال نظافت خودرو,پد و دستمال نظافت خودرو,car-wash-pad-and--napkin,8353
8355,واکس، پولیش و تمیزکننده خودرو,واکس، پولیش و تمیزکننده خودرو,car-wash-spray-polish-and-wax,8353
8356,ابزار خودرو,ابزار خودرو,car-tools,6175
8357,گهواره,گهواره,cradle,6797
8358,حشره کش و سوسک کش,حشره کش و سوسک کش,insecticide,10285
8359,چادر بازی کودک,چادر بازی کودک,kids-play-tent,10681
8360,پشه بند,پشه بند,mosquito-net,6797
8361,سینک,سینک,sink,6250
8365,میز و صندلی ناهارخوری,میز و صندلی ناهارخوری,dining-table-and-chair,10648
8366,نیمکت,نیمکت,bench,10647
8368,صندلی,صندلی,counter-chair,10647
8369,تجهیزات نظم دهنده داخل خودرو,تجهیزات نظم دهنده داخل خودرو,car-organizer-equipment,8269
8370,تجهیزات راحتی سرنشین,تجهیزات راحتی سرنشین,passenger-comfort-equipment,8269
8371,باکس,باکس,tools-box,6667
8372,تردمیل,تردمیل,treadmill,11141
8374,زنگ,زنگ,bell,10657
8375,مقوا,مقوا,paperboard,5975
8376,میز اداری,میز اداری,office-table,8275
8382,قاب عکس,قاب عکس,ha-photo-frame,10652
8384,عایق صندوق ، کاپوت و درب خودرو,عایق صندوق و کاپوت خودرو,car-hood-and-rear-insulated,8269
8385,اف ام پلیر,اف ام پلیر,fm-player,59
8387,فرش ماشینی,فرش ماشینی,machine-made-carpet,10633
8389,لایت بورد,لایت بورد,light-board,10658
8390,آفتابگیر خودرو,آفتابگیر خودرو,tc-car-sunshade,8269
8393,سایر شیرآلات و اتصالات,شیرآلات,faucets,11350
8394,کارت صدا کامپیوتر,Computer Voice Card,pc-sound-card,31
8397,ابزار و ملزومات هنرهای تجسمی,ابزار و ملزومات هنرهای تجسمی,tools-and-accessories-visual-arts,5972
8398,ضدیخ و آب رادیاتور,ضدیخ و آب رادیاتور,antifreeze,8163
8399,تسمه خودرو,تسمه خودرو,engine-belt,11009
8400,توالت فرنگی,توالت فرنگی,toilet,10656
8401,توالت ایرانی,توالت زمینی,squat-toilet,10656
8402,روشویی,روشویی,wash-basin,10656
8406,چادر خودرو,چادر خودرو,car-cover,8353
8407,متر لیزری,متر لیزری,laser-distance-measurer,6073
8408,تراز لیزری,تراز لیزری,laser-level,6073
8413,گلیم دستبافت,Kilim,hand-knitted-kilim,10634
8415,پارکت,پارکت,parquet,6456
8416,تخت خواب,تخت خواب,bed,6246
8417,اسکی و تجهیزات اسکی,اسکی و تجهیزات اسکی,ski-equipment,11142
8419,تجهیزات جانبی اسکی,تجهیزات پوششی اسکی,ski-coating-equipment,8417
8422,جعبه هدیه,جعبه هدیه,handicraft-gift-box,6908
8428,پت شاپ,حیوانات خانگی,pet,0
8429,آبزیان,تجهیزات آبزیان,aquaculture-equipment,8428
8430,غذای آبزیان,غذای آبزیان,aquaculture-food,8429
8431,استیکر و پوستر,استیکر و پوستر,sticker-and-poster,6249
8432,تابلو شاسی,تابلو شاسی,chassis,10652
8433,لباس کار,لباس کار,industrial-uniform,8241
8434,تجهیزات آتشنشانی,تجهیزات آتشنشانی,fire-fighting-equipment,8241
8436,آکواریوم آبزیان,آکواریوم آبزیان,aquarium,8429
8437,دکور آبزیان,دکور آبزیان,aquatic-decor,8429
8438,افزودنیهای آب,افزودنیهای آب,additives-water,8429
8439,تجهیزات آکواریوم,تجهیزات آکواریوم,aquarium-equipment,8429
8441,دوچرخه ثابت و الپتیکال,دوچرخه ثابت و الپتیکال,elliptical-and-lifecycle-bike,11141
8448,کمد فایل و قفسه اداری,کمد فایل و قفسه اداری,office-file-cabinet-and-shelves,8275
8449,دکلره مو,hair bleach,hair-color-remover,6511
8450,ابزار آلات و تجهیزات,وسایل نقلیه و صنعتی,vehicles,0
8451,لوازم مصرفی خودرو,لوازم مصرفی خودرو,consumable-parts,10688
8452,فیلتر خودرو,فیلتر خودرو,car-filters,8451
8453,کشوی گرمکن,کشوی گرمکن,warmer-drawer,8281
8456,جا سیگاری,جا سیگاری,cigarette-case,8465
8458,رادیاتور,رادیاتور,ts-radiator,10699
8461,لولا,لولا,hinge,8337
8465,اکسسوری لوازم شخصی,اکسسوری لوازم شخصی,pesonal-appliance-accessories,5967
8468,تجهیزات کنترل محیط و آزمایشگاه,تجهیزات کنترل محیط,environmental-controlling-equipment,8241
8470,کشوی پول,کشوی پول,cash-drawer,5
8471,رهیاب و یابنده ماهواره ای (جی پی اس),رهیاب و یابنده ماهواره ای (جی پی اس),gps,11110
8472,تختخواب کودک و نوزاد,تختخواب کودک و نوزاد,baby-bed,6797
8475,پنل خورشیدی، کنترلر و سازه پنل,پنل خورشیدی,solar-panel,8566
8478,ماله,ماله,trowel,6072
8480,سنسور و کلید هوشمند,سنسور و کلید هوشمند,sensors-and-smart-key,10657
8481,پد امضا,پد امضا,signature-pad,5
8482,هدیه,هدیه,gifts-accessories,8
8483,مبل,مبل,sofa,8299
8484,اینترنت اشیا,اینترنت اشیا,internet-of-things,21
8485,آکاردئون,آکاردئون,accordion,6562
8488,کاشی کاری,کاشی کاری,art-tiling,6912
8489,ابزار دیوار کاذب,ابزار دیوار کاذب,dry-wall-tools,10699
8492,وایر شمع,وایر شمع,pile-wire,11008
8494,سوزن انژکتور,سوزن انژکتور,injector-needle,11009
8495,آینه جانبی,آینه جانبی,side-mirrors,11006
8496,پولی سر میل لنگ,پولی سر میل لنگ,crankshaft-foley,11009
8497,پلوس، سرپلوس و مشعلی,پلوس، سرپلوس و مشعلی,axle-shaft,11007
8498,واشر سرسیلندر,واشر سرسیلندر,cylinder-gasket,11009
8499,بلبرینگ,بلبرینگ,ball-bearing,11009
8500,میل لنگ و میل بادامک,میل لنگ و میل بادامک,camshaft-and-crankshaft,11009
8501,سرسیلندر,سرسیلندر,cylinder-head,11009
8502,سپر,سپر,bumper,11006
8503,بوش و پیستون,بوش و پیستون,piston-and-bushing,11009
8504,سوپاپ,سوپاپ,valve,11009
8505,فنر لول,فنر لول,valve-spring,11007
8506,موتور فن و تهویه,موتور فن و تهویه,fan-engine,11009
8507,کابل کنترل,کابل کنترل,control-cable,11009
8508,هرزگرد,هرزگرد,freewheeling,11009
8509,درپوش سوپاپ,درپوش سوپاپ,cover-cylinder,11009
8510,مجموعه شیشه بالابر,مجموعه شیشه بالابر,window-lifter,11008
8511,رینگ و قالپاق خودرو,رینگ و قالپاق خودرو,wheel-rim,11006
8512,جلو پنجره و قاب پلاک,جلو پنجره و قاب پلاک,grille-and-frame,11006
8513,استپر موتور و پتانسیومتر,استپر موتور و پتانسیومتر,potentiometer-and-stepper-motor,11009
8515,دینام و استارت,دینام و استارت,alternator-and-starter,11008
8516,شاتون,شاتون,connecting-rod,11009
8517,کرم، شامپو و اسپری رنگ مو,کرم، شامپو و اسپری رنگ مو,cream-and-shampoo-hair-color,6511
8518,حسگر خودرو,حسگر خودرو,car-sensor,11008
8521,پمپ خودرو,پمپ خودرو,electrical-pump,11009
8548,لوازم جانبی پروژکتور,لوازم جانبی پروژکتور,projector-accessories,6062
8549,دریچه هوا,دریچه هوا,air-vent,11009
8550,ECU,ECU,ecu,11008
8551,کیت ایموبلایزر,کیت ایموبلایزر,immobilizer-kit,8189
8552,کوئل,کوئل,coil,11008
8553,واشر و کاسه نمد,واشر و کاسه نمد,washer-and-seal,11009
8554,قلم موی ناخن,قلم موی ناخن,nail-brush,6465
8557,جلوبندی و تعلیق,جلوبندی و تعلیق,suspension-systems-and-component,11007
8559,آشپرخانه صنعتی و کافی شاپ,آشپرخانه صنعتی و کافی شاپ,industrial-kitchen-and-coffee-shop,5967
8560,وافل ساز,وافل ساز,waffle-maker,8559
8564,اسپرسو ساز صنعتی,اسپرسو ساز صنعتی,espresso-maker,8559
8566,قطعات و تجهیزات خورشیدی,پنل خورشیدی و ملزومات,solar-panel-and-accessories,10690
8567,اینورتر خورشیدی,اینورتر خورشیدی,solar-inverter,8566
8569,باتری خورشیدی,باتری خورشیدی,solar-battery,8566
8573,تجهیزات پزشکی,لوازم پزشکی,medical-equipment,5702
8574,اتوسکوپ,اتوسکوپ,otoscope,11264
8576,ست معاینه,ست معاینه,checkup-set,11264
8577,چراغ قوه پزشکی,چراغ قوه پزشکی,medical-flashlight,11264
8578,منبع تغذیه اضطراری (UPS),منبع تغذیه اضطراری (UPS),ups,21
8579,تجهیزات تلفن VoIP,تجهیزات تلفن VoIP,voip-telephone-accessories,5737
8583,تجهیزات پخت نان,تجهیزات پخت نان,bakery-equipment,8559
8587,کیت کلاچ,کیت کلاچ,clutch-kit,11009
8588,لاستیک خودرو,لاستیک خودرو,tire,8451
8591,میز تحریر,میز تحریر,writing-desk,5970
8592,غواصی,لوازم غواصی,diving-equipment,6107
8593,لوازم جانبی غواصی,لوازم جانبی غواصی,diving-accessories,10664
8594,وت سوت غواصی,لباس غواصی,diving-suits,10662
8596,کفش و جوراب غواصی,کفش و جوراب غواصی,diving-shoes-and-socks,10662
8600,چراغ غواصی,چراغ غواصی,diving-light,10664
8601,ماسک غواصی,ماسک غواصی,diving-mask,10662
8604,کارد غواصی,کارد غواصی,diving-knife,10664
8607,میز و دراور,میز و دراور,home-drawer,10648
8611,لوازم جانبی فشارسنج,Sphygmomanometer accessories,sphygmomanometer-accessories,8573
8612,لوازم جانبی فندک و زیر سیگاری,لوازم جانبی فندک و زیر سیگاری,burner-and-lighter-accessories,8465
8613,میز پینگ پنگ,میز پینگ پنگ,ping-pong-table,10659
8614,سینتی سایزر,سینتی سایزر,synthesizer,10631
8615,فین غواصی,فین غواصی,diving-finn,10662
8618,موتورسیکلت,موتور سیکلت,motorbike,10688
8619,فرغون,فرغون,wheelbarrow,8337
8620,باتری تبلت,باتری تبلت,tablet-battery,17
8622,ترموستات,ترموستات,thermostat,11009
8624,رادیاتور آب,رادیاتور آب,water-radiator,11009
8625,تجهیزات ویدیویی,تجهیزات ویدیویی,video-accessories,21
8628,دستگیره در خودرو,دستگیره در خودرو,handle-car,11006
8629,انژکتور,انژکتور,injector,11009
8631,فوتبال دستی,فوتبال دستی,foosball,10659
8632,شوتینگ,شوتینگ,shooting,10699
8634,آرام بند,آرام بند,door-closer,8337
8635,دی جی,دی جی,deejay,10631
8637,تجهیزات بیمارستانی,تجهیزات بیمارستانی,hospital-accessories,5702
8640,پارچه,پارچه,textile,6466
8647,کلیدهای خودرو,کلیدهای خودرو,car-keys,11009
8648,پدال,پدال,pedal,11009
8649,شلنگ خودرو,شلنگ خودرو,car-hose,11009
8650,فشنگی,فشنگی,water-temperature-sensor,11009
8651,قاب و کاور موتور,قاب و کاور موتور,engine-cover,11009
8653,نمد فرش,نمد فرش,felt,10633
8654,هد پرینتر و پلاتر,هد پرینتر و پلاتر,printer-head,1341
8655,قفل خودرو,قفل خودرو,car-lock,11009
8660,پرپشت کننده مو,پرپشت کننده مو,thicken-hair,6511
8661,لوازم فروشگاهی,لوازم فروشگاهی,shoping-equipment,5
8662,ترازوی فروشگاهی,ترازوی فروشگاهی,price-computing-scale,8661
8663,سایر سازهای بادی,سایر سازهای بادی برنجی,other-brass-wind-instruments,6562
8666,کلید و پریز,کلید و پریز,switches-and-sockets,10657
8669,لوازم کاشت ناخن,مواد کاشت ناخن,nail-material,6465
8670,ملیله کاری,ملیله کاری,filigree,8017
8672,تار,تار,tar,10630
8673,لوازم ترمز,لوازم ترمز,brake-accessories,11007
8674,لوازم بیرونی خودرو,لوازم بیرونی خودرو,external-accessories,11006
8675,پکیج شوفاژ دیواری گازسوز,پکیج شوفاژ دیواری گازسوز,wall-hung-combination-boiler,5855
8676,روینگ,روینگ,rowing-machine,11141
8677,دیوارپوش ساختمان,دیوارپوش ساختمان,stone-wall,6456
8682,استپر,استپر,stepper,11141
8683,پیجر و سیستم نوبت دهی,سیستم نوبت دهی,queue-management-system,8661
8686,نگهدارنده و جای دستمال کاغذی,نگهدارنده و جای دستمال کاغذی,tissue-holder,6254
8687,فیجت و اسپینر,فیجت و اسپینر,fidget-and-spinner,6056
8689,لوازم جانبی کارواش,لوازم جانبی کارواش,carwash-accessories,8111
8692,باغلاما,باغلاما,baglama,10630
8693,پرچم,پرچم,flag,6466
8694,باتری UPS,باتری UPS,ups-battery,21
8695,قانون,قانون,qanun,10630
8696,پرینتر کارت,پرینتر کارت,card-printer,5
8697,لوازم جانبی موتورسیکلت,لوازم جانبی موتور سیکلت,motorbike-accessory-parts,10688
8698,کلاه کاسکت,کلاه کاسکت,motorcycle-helmets,9270
8699,لود بالانسر,لود بالانسر,load-balancer,21
8700,تجهیزات مدرن اداری,تجهیزات مدرن اداری,office-modern-accessories,5
8701,سورتمه برفی,سورتمه برفی,snow-sled,8417
8703,پری آمپلی‌فایر,پری آمپلی‌فایر,pre-amplifier,8171
8704,پچ پنل,پچ پنل,patch-panel,21
8706,صفحه کلید دستگاه های خودپرداز,صفحه کلید دستگاه های خودپرداز,atm-keypad,6062
8707,PBX,PBX,pbx,8708
8708,تجهیزات ارتباطات سازمانی,تجهیزات ارتباطات سازمانی,voip-equipments,21
8710,گیت وی,گیت وی,gateway,8708
8711,کارت و ماژول,کارت و ماژول,card-and-module,8708
8712,موکت,موکت,carpeting,6936
8716,اگزوز,سر اگزوز,exhaust-tip,8269
8717,نهال و گیاهان آپارتمانی,نهال و گیاهان آپارتمانی,house-plants,10102
8718,کابل و سیم,کابل و سیم,cables-wires,10657
8719,حیوانات خانگی,لوازم حیوانات خانگی,pet-supplies1,8428
8720,تشویقی سگ,غذا و مکمل حیوانات,pet-food-and-nutritional-supplement,11095
8721,بهداشت، مراقبت و نگهداری حیوانات,بهداشت، مراقبت و نگهداری حیوانات,health-and-care,8719
8722,آموزش، سرگرمی و اکسسوری حیوانات,آموزش، سرگرمی و اکسسوری حیوانات,training-entertainments-and-accessories,8719
8723,لانه و قفس نگهداری حیوانات,قفس و باکس نگهداری حیوانات,cage-and-box,8719
8725,تابلوی LED,تابلوی LED,led-system-board,8661
8726,ملزومات بافتنی,ملزومات بافتنی,knitting-accessories,6466
8728,پروژکتور و چراغ فضای باز,پروژکتور و چراغ فضای باز,outdoor-lights,10658
8729,آبگرمکن,آبگرمکن,water-heater,5855
8732,افکت گیتار,افکت گیتار,guitar-effect,6425
8733,جالباسی,آویز لباس,coat-hanger,10649
8734,گلخانه,گل‌خانه,greenhouse,6075
8736,دزدگیر اماکن,دزدگیر اماکن,security-alarm,8099
8738,ملزومات فرش,ملزومات فرش,carpet-accessories,10635
8739,ملزومات باربری,ملزومات باربری,motorbike-box,8697
8741,رطوبت‌ گیر,رطوبت‌ گیر,dehumidifier,8573
8742,کنسول,کنسول,console,10648
8743,تجهیزات صنعتی و انبارداری,انبارداری و صنعتی,industrial-tools,8450
8744,لیفتراک,لیفتراک,forklift,10700
8745,ریبون پرینتر سوزنی,ریبون پرینتر سوزنی,ribbon-printer,1341
8747,برش دهنده‌ی کاغذ,برش دهنده‌ی کاغذ,shreder,5
8748,سایر لوازم اداری,سایر لوازم اداری,other-office-accessories,8275
8749,مد و پوشاک,مد و پوشاک,apparel,0
8752,مردانه,مردانه,mens-apparel,8749
8753,زنانه,Women Clothing,womens-apparel,8749
8754,بچگانه,بچگانه,kids-apparel,8749
8792,لوازم مصرفی موتورسیکلت,لوازم مصرفی موتور سیکلت,motorbike-consumable-parts,10688
8793,لوازم یدکی موتورسیکلت,لوازم یدکی موتور سیکلت,motorbike-spare-parts,10688
8794,لنت ترمز موتورسیکلت,لنت ترمز موتورسیکلت,motorbike-brake-pad,8792
8800,قفل موتور سیکلت,قفل موتور سیکلت,motorbike-lock,10706
8801,دستکش موتورسیکلت,دستکش موتورسیکلت,motorbike-gloves,9270
8802,دزدگیر موتورسیکلت,دزدگیر موتورسیکلت,motorbike-security-system,10706
8812,میکرومتر,میکرومتر,micrometer,6073
8813,ساعت اندیکاتور,ساعت اندیکاتور,test-indicator,6073
8815,بخارشوی صنعتی,بخارشوی صنعتی,industrial-steam-cleaner,10694
8817,کارت دعوت,کارت دعوت,invitation-card,6573
8819,وان و جکوزی,وان و جکوزی,bathtub-and-jacuzzi,10654
8823,جک پالت و استاکر,جک پالت و استاکر,hand-palet-trucks,10700
8824,بشکه بر,بشکه بر,drum-pickers,10700
8825,اسکیت آسان‌بر,اسکیت,skit,10700
8829,میز هیدرولیک بالابر,میز هیدرولیک بالابر,hydraulic-lifting-table,10700
8850,فلاش تانک,فلاش تانک,flush-toilet,10656
8852,ویدئو وال,ویدئو وال,video-wall,5
8895,کالای خوراکی و اساسی,کالاهای سوپرمارکتی,food-beverage,0
8896,کنسرو و غذای آماده,کنسرو و غذای آماده,ready-made-canned-food,8895
8897,خشکبار و شیرینی,خشکبار و شیرینی,dried-fruit-nuts,8895
8898,تنقلات,تنقلات,snacks,8895
8899,کالاهای اساسی و خواربار,کالاهای اساسی و خواربار,groceries,8895
8900,قند,قند,sugar-cube,10800
8901,شکر سفید,شکر سفید,white-sugar,10769
8902,برنج ایرانی,برنج ایرانی,iranian-rice,10840
8903,لوبیا,لوبیا,beans,10766
8904,روغن مایع آفتابگردان,روغن مایع آفتابگردان,liquid-sunflower-oil,10830
8905,کمپوت,کمپوت,canned-food,8896
8906,غذای نیمه آماده,غذای نیمه آماده,ready-made-food,8896
8907,نوشیدنی‌های سرد,نوشیدنی‌های سرد,beverages,8895
8908,بیسکویت و ویفر,بیسکویت و ویفر,biscuits-wafers,8898
8909,تافی و آبنبات,تافی و آبنبات,chocolate,8898
8910,ماکارونی، اسپاگتی و فتوچینی,ماکارونی، اسپاگتی و فتوچینی,spaghetti-pasta,10818
8911,سس مایونز,سس مایونز,mayonnaise-sauce,10580
8912,آجیل عید نوروز,آجیل شب یلدا,dried-fruit-nut,10843
8913,سایر قهوه‌های فوری,Instant Coffee,other-instant-coffee,10911
8914,چای سیاه,Tea,black-tea,10894
8915,صبحانه,صبحانه,breakfast,8895
8916,مربا,کره، مربا و عسل,jams-butter,8915
8923,پفک و اسنک,پفک و اسنک,cheese-puffs,8898
8925,چیپس و پاپ کورن,چیپس و پاپ کورن,chips,8898
8926,حلوا شکری و حلوا ارده,حلوا شکری و حلوا ارده,halvaardeh-sesame,10791
8927,پاستیل,Gummi Candy,gummi-candy,8898
8928,مغز آجیل و تخمه,تخمه و مغز طمع‌دار,nuts-trail-mix,8898
8929,رب و کنسرو گوجه فرنگی,رب و کنسرو گوجه فرنگی,tomato-paste,10768
8934,منبت کاری,منبت کاری,wood-carving,6822
8935,تجهیزات کاهنده مصرف آب,تجهیزات کاهنده مصرف آب,reducer-water,8337
8936,ملزومات پرده,ملزومات پرده,curtain-accessories,10651
8937,آبمیوه,آبمیوه,fruit-juice,10874
8938,لواشک، برگه و آلوچه,لواشک، برگه و آلوچه,fruit-rolls,8898
8939,سایر غلات صبحانه,سایر غلات صبحانه,breakfast-cereals,10805
8940,آبلیمو,آبلیمو,liquid-seasonings,10577
8941,انواع آرد,انواع آرد,flour,10772
8942,زردچوبه,زردچوبه,easoning,10579
8943,زعفران,زعفران,saffron,10578
8944,پودر جوانه,پودر جوانه,dried-food,10581
8946,کمانچه,کمانچه,kamancheh,10630
8947,آب معدنی,آب معدنی,mineral-water,10854
8948,شکلات صبحانه و کرم بیسکویت,شکلات صبحانه,breakfast-chocolates,8915
8990,حمام آلتراسونیک,حمام آلتراسونیک,ultrasonic-bath,5702
8991,آدامس,آدامس,chewing-gum-breath-fresheners,8898
8992,سی ان سی و ماشین تراش,سی ان سی و ماشین تراش,cnc,10691
8993,کیک و کلوچه,کیک و کلوچه,cookies,8898
8994,ژله,ژله,jelly,10859
8996,چرخ خیاطی دستی و ملزومات خیاطی,ملزومات خیاطی,sewing-accessories,10095
9001,پوشش کف و سقف,پوشش کف و سقف,roof-ground-coating,6456
9004,تجهیزات تعمیرگاهی,تجهیزات تعمیرگاهی,fixing-tools,8356
9005,لوازم یدکی خانگی,لوازم یدکی خانگی,home-electric-accessories,5753
9007,لوازم یدکی ابزار برقی,لوازم یدکی ابزار برقی,tools-electric-accessories,8111
9010,در ورودی,در ورودی,door,8099
9011,هشدار دهنده زلزله,هشدار دهنده زلزله,earthquake-alarm,8099
9012,در باز کن,درب باز کن,door-open,8099
9013,مبدل حرارتی,مبدل حرارتی,heat-exchanger,5855
9014,محصولات مذهبی,محصولات مذهبی,religious-products,8
9015,سجاده و جانماز,جانماز,prayer-rug,9014
9016,ورزش های نشانه‌ روی,ورزش های نشانه‌ گیری,targeting-sports,6089
9017,کمان,کمان,bow,10672
9018,لوازم جانبی کمان,لوازم جانبی کمان,bow-accessories,10672
9019,مصالح ساختمانی,مصالح ساختمانی,building-materials,10699
9020,لوله بازکن,لوله بازکن,pipe-opener,8337
9068,کف شور,کف شور,floor-drain,8337
9082,فرش پوست,فرش پوست,skin-rug,10633
9083,لوازم ماهیگیری,لوازم ماهیگیری,fishing-equipment,6020
9092,روغن های صنعتی,روغن های صنعتی,industrial-oils,8743
9093,عرقیات گیاهی,سایر عرقیات,extracts,10871
9094,لاستیک موتورسیکلت,لاستیک موتورسیکلت,motorbike-tire,8792
9095,اینورتر صنعتی,اینورتر صنعتی,industrial-inverter,8743
9096,قطعات الکترونیکی,قطعات الکترونیکی,electronic-component,6071
9189,UTM و فایروال,UTM و فایروال,utm-and-firewall,21
9190,نی,نی,ney,6562
9192,سینی کاغذ,سینی کاغذ,paper-tray,1341
9194,لوله و اتصالات,لوله و اتصالات,pipe-and-extensions,8337
9204,کیوسک و استند لمسی,کیوسک و استند لمسی,touch-stand,8661
9208,لبنیات,Diary,dairy,8895
9209,شیر کم چرب,شیر کم چرب,low-fat-milk,10602
9210,ترشی,ترشی,salted-marzipan,10775
9211,نان,Bread,bread,8899
9212,شیرینی,Sweets,sweets,8897
9213,کره گیاهی,Vegetable Butter,vegetable-butter,10606
9214,خامه ساده,خامه ساده,simple-cream,10598
9215,دوغ بدون گاز,دوغ بدون گاز,non-carbonated-dough,10600
9216,ماست کم چرب,ماست کم چرب,low-fat-yogurt,10608
9217,کشک,Whey,whey,9208
9218,مواد پروتئینی و تخم مرغ,مواد پروتئینی و تخم مرغ,protein-foods,8895
9219,گوشت گاو و گوساله و شتر,Beaf,beaf,9218
9220,گوشت مرغ,Chicken,chicken,9218
9221,تخم مرغ,Eggs,eggs,11026
9222,ماهی,Fish,fish,9218
9223,سوسیس و کالباس,Sausages,sausages,9218
9224,گوشت گوسفند,Sheep Meat,sheep-meat,9218
9225,دستمال مرطوب کودک,Baby Wet Wipes,babywetwipes,10680
9226,تشک، زیرانداز و میز تعویض پوشک کودک,Baby Changing Mat,babychangingmat,10680
9227,شمش طلا,Bullion,bullion,11135
9229,میوه و سبزیجات,Fruits and Vegetables,fruits-and-vegetables,8895
9230,میوه,Fruits,fruits,9229
9231,سبزیجات,Vegetables,vegetables,9229
9232,فن کویل,Fan_coil_unit,fan-coil-unit,10699
9233,پنیر صبحانه,پنیر صبحانه,breakfast-cheese,10594
9234,لوازم جانبی دستگاه کپی,Coppier Accessory,coppier-accessory,5
9235,ریسوگراف,Risograph,risograph,9234
9236,لیزر,Lazer,lazer,9234
9237,لوازم جانبی اصلاح,Shaving accessories,shaving-accessories,6520
9238,غذای آماده یخچالی و منجمد,غذای آماده منجمد,frozen-ready-meals,10612
9239,زیتون هسته دار,olive,olive,10783
9240,کنسرو ماهی,Tuna fish,tuna-fish,8896
9241,عسل,Honey,honey,8915
9242,ذخیره سازی مبتنی بر نوار,Tape-based storage,tape-based-storage,22
9243,سایه بان,Canopy,canopy,11108
9244,روغن موتور سیکلت,Motorbike Oil,motorbike-oil-h,8792
9245,شمع موتورسیکلت,motorbike Pile,motorbike-pile,8792
9246,باتری موتورسیکلت,Motorbike Battery,motorbike-battery,8792
9247,لامپ موتور سیکلت,Motorbike Lamp,motorbike-lamp,8792
9248,تجهیزات اتوماسیون صنعتی,Industrial Automation Equipment,industrial-automation-equipment,8743
9249,صلوات شمار,Salavat Tally Counter,salavat-tally-counter,9014
9250,قبله نما,Kiblah Finder,kiblah-finder,9014
9251,مهر و پایه مهر,Turbah And Stand,turbah-and-stand,9014
9252,رک شبکه و سرور,Rack,rack,21
9253,سایر لوازم جانبی پرینتر,Other Printer Accessories,other-printer-accessories,1341
9254,تجهیزات مناسبتی و عزاداری,Mourning Equipment,mourning-equipment,9014
9256,اگزوز موتور سیکلت,Motorbike Exhaust,motorbike-exhaust-cycled,8793
9257,سایر لوازم یدکی موتور سیکلت,Motorbike Parts,motorbike-parts-hw,8793
9258,سایر لوازم جانبی لپ تاپ,Laptop Other Accessories,laptop-other-accessories,19
9259,لوازم جانبی دوربین‌ های امنیتی و نظارتی,لوازم جانبی دوربین‌ های امنیتی و نظارتی,network-cam-accessories,11052
9260,گیت ضد سرقت فروشگاهی,Anti Theft Gate,anti-theft-gate-shopping,8661
9263,آداپتور برق,Power Adapters,power-adapters,5581
9265,عصا,cane,cane,11266
9266,پرس کارت و لمینت,Laminating,laminating,5
9267,سایر تجهیزات فروشگاهی,Other Store Equipment,other-store-equipment,8661
9268,ابزار و یراق آلات چرم دوزی,Leather Craft Tools,leather-craft-tools,6072
9269,عینک موتور سواری,Motorcycle Goggles,motorcycle-goggles,9270
9270,پوشش ایمنی موتورسواری,Motorcycle Safety Equipment,motorcycle-safety-equipment,8697
9271,حفاظ,Guard,guard-gbidg-dhdh,8099
9273,دسر آماده,Dessert,ready-dessert,9208
9274,اسنوبرد,Snowboard,snowboard,8417
9275,تشک مهمان,تشک مهمان,travel-mattress,6624
9276,فیکس,Fix,fix,8417
9277,پیکسل,Badge,badge,9534
9279,سفره,Table ÷cloth,table-cloth,6254
9280,سایر لوازم جانبی موتور سیکلت,motorcycle accessories,motorcycle-accessories,8697
9281,تجهیزات جانبی اسکیت و هاکی,skate and Hockey equipment,skate-hockey-equipment,6291
9282,لباس زنانه,Women Clothing,women-clothing,8753
9283,پوشش اسلامی,WOMEN ISLAMICWEAR,women-islamicwear,9282
9284,مانتو، پانچو و رویه,Manteau And Poncho,manteau-and-poncho,10993
9285,کت، جلیقه و ست رسمی زنانه,WOMEN BLAZERS & SUITS,women-blazers-and-suits,9282
9286,ست رسمی زنانه,WOMEN Suits and Sets,women-suits-and-sets,9285
9289,جلیقه رسمی زنانه,Women formal Vest,women-vest--,9285
9291,کت رسمی زنانه,Women formal jackets,women-jacket-,9285
9294,پیراهن و لباس مجلسی زنانه,WOMEN DRESSES,women-dresses,9282
9295,لباس خواب و راحتی زنانه,Women Homewear,women-homewear,9282
9297,ست لباس راحتی زنانه,WOMEN Homewear Sets,women-homewear-sets,9295
9298,تاپ و تی‌شرت راحتی زنانه,WOMEN Homewear Tops & T-shirts,women-homewear-tops-and-t-shirts,9295
9299,شلوار راحتی زنانه,WOMEN Homewear Bottom,women-homewear-bottom,9295
9300,اکسسوری لباس راحتی زنانه,WOMEN Homewear Accessories,women-homewear-accessories,9295
9301,چادر,WOMEN Chador,women-chador,9283
9302,مقنعه و پوشیه,Women Scarf And Burka,women-scarf-and-burka,9283
9303,شلوار جین زنانه,WOMEN JEANS,women-jeans,9282
9304,ژاکت و پلیور زنانه,Women Sweater and pullover,women-knitwear,9282
9305,لباس بارداری,Women Maternity,women-maternity,9282
9306,پیراهن و لباس مجلسی بارداری,WOMEN Maternity Dress,women-maternity-dress,9305
9307,شلوار و سرهمی بارداری,WOMEN Maternity Trousers & Jumpsuits,women-maternity-trousers-and-jumpsuits,9305
9308,تی شرت و پولوشرت بارداری,WOMEN Maternity T-Shirts & Polos,women-maternity-t-shirts-and-polos,9305
9309,لباس راحتی بارداری,WOMEN Maternity Pajamas,women-maternity-pajamas,9305
9311,بلوز و شومیز بارداری,WOMEN Maternity Shirts,women-maternity-shirts,9305
9312,دامن بارداری,WOMEN Maternity Skirts,women-maternity-skirts,9305
9314,لباس زیر بارداری,WOMEN Maternity Underwear,women-maternity-underwear,9305
9315,پالتو، بارانی و کاپشن زنانه,Women Outerwear,women-outwear,9282
9316,پالتو زنانه,WOMEN Coat,women-coat-,9315
9317,کت چرم زنانه,WOMEN Leather Outwear,women-leather-outwear,9315
9318,کت پاییزه و زمستانه زنانه,WOMEN autumn and winter Light Jacket,women-light-jacket,9315
9320,جلیقه پاییزه و زمستانه زنانه,WOMEN autumn and winter Outwear Vest,women-outwear-vest,9315
9321,کاپشن زنانه,WOMEN Warm Jacket,women-warm-jacket,9315
9322,بلوز و شومیز زنانه,WOMEN SHIRTS,women-shirts,9282
9323,بلوز زنانه,WOMEN Blouse,women-blouse,9322
9324,ست لباس زیر زنانه,Women Underwear Set,women-underwear-set-,9337
9325,شومیز زنانه,WOMEN Shirt,women-shirt,9322
9326,تاپ و نیم تنه زنانه,WOMEN TOPS AND CROP TOPS,women-tops-and-croptops,9282
9328,شلوارک زنانه,WOMEN SHORTS,women-shorts-,9282
9330,دامن زنانه,WOMEN SKIRTS,women-skirts,9282
9333,جوراب و ساق زنانه,Women Socks,women-socks-and-tights,9282
9334,لباس ورزشی زنانه,Women Sportwear,women-sportwear,9282
9335,مجموعه هودی زنانه,Women hoodies collection,women-hoodies-collection,11391
9337,لباس زیر زنانه,Women-Underwear,women-underwear,9282
9339,بادی راحتی زنانه,WOMEN Bodysuit,women-bodysuit,9337
9340,سوتین زنانه,Women-Bra,women-bra,9337
9342,گن زنانه,Women Shapewear,women-shapewear,9337
9344,اکسسوری لباس زیر زنانه,Women Underwear Accessories,women-underwear-accessories,9337
9345,شورت زنانه,Women Underwear Bottom,women-underwear-bottom,9337
9346,شلوار زنانه,WOMEN TROUSERS,women-trousers,9282
9347,تی شرت زنانه,WOMEN TEE-SHIRTS,women-tee-shirts,9282
9348,لباس شنا زنانه,WOMENSWIMWEAR,women-swimwear,9334
9349,بادی زنانه,Women Bodysuit,women-bodysuit-,9322
9351,شال مردانه,Men Shawl,men-shawl,9487
9352,شال زنانه و مردانه,Uni Shawl,uni-shawl,9534
9355,لباس زیر ورزشی زنانه,WOMEN Sport Underwear,women-sport-underwear,9334
9356,شلوار و سرهمی ورزشی زنانه,WOMEN Sport Trousers & Jumpsuits,women-sport-trousers-and-jumpsuits,9334
9357,تی شرت ورزشی زنانه,WOMEN Sport T-Shirts,women-sport-t-shirts-and-polos,9334
9358,تاپ و نیم تنه ورزشی زنانه,WOMEN Sport Tops,women-sport-tops,9334
9359,کاپشن و جلیقه ورزشی زنانه,WOMEN Sport Outwear,women-sport-outwear,9334
9360,شلوارک ورزشی زنانه,Women Sport Shorts,women-sport-shorts,9334
9361,دامن و پیراهن ورزشی زنانه,Women Sport Skirt,women-sport-skirt,9334
9362,سویشرت و هودی ورزشی زنانه,WOMEN Sport Sweatshirts & Hoodies,women-sport-sweatshirts-and-hoodies,9334
9363,گرمکن و ست ورزشی زنانه,WOMEN Tracksuits & Sets,women-tracksuits-and-sets,9334
9365,کفش زنانه,Women Shoes,women-shoes,8753
9366,نیم بوت زنانه,WOMEN ANKLE BOOTS,women-ankle-boots,9365
9367,بوت زنانه,Women Boots,women-boots,9365
9368,گیوه زنانه,Women Espadrilles,women-espadrilles,9365
9369,کفش تخت زنانه,WOMEN FLAT SHOES,women-flat-shoes,9365
9370,دمپایی لاانگشتی زنانه,Women Flip Flops,women-flip-flops,9365
9371,کفش پاشنه دار زنانه,Women Heeled Shoes,women-heeled-shoes,9365
9372,بوت ساق بلند زنانه,Women High Boots,women-high-boots,9365
9373,صندل زنانه,Women Sandals,women-sandals,9365
9374,ست کیف و کفش زنانه,Women Bag and Shoes Set,women-bag-and-shoes-set,9365
9375,مانتو و شلوار زنانه,Women Mantou and Pant,women-mantou-and-pant,9283
9376,دمپایی زنانه,Women Slippers,women-slippers,9365
9378,کفش ورزشی زنانه,Women Sport Shoes,women-sport-shoes-,9365
9379,کوله پشتی زنانه,Women Backpacks,women-backpacks,9380
9380,اکسسوری زنانه,Women Accessories,women-accessories,8753
9381,کیف زنانه,Women Bags,women-bags,9380
9382,کمربند زنانه,Women Belts,women-belts,9380
9383,عینک آفتابی زنانه,Women Eyewear,women-eyewear,11120
9384,ست هدیه زنانه,Women Gifts and Sets,women-gifts-and-sets,9380
9385,دستکش زنانه,Women Gloves and Mittens,women-gloves-and-mittens,9380
9386,پابند طلا زنانه,Women Gold Anklet,women-gold-anklet,9387
9387,زیورآلات طلا زنانه,Women Gold Jewelry,women-gold-jewelry,11133
9388,دستبند طلا زنانه,WOMEN Gold Bracelet,women-gold-bracelet,9387
9389,گل سینه طلا زنانه,WOMEN Gold Brooch,women-gold-brooch,9387
9390,زنجیر طلا زنانه,WOMEN Gold Chain,women-gold-chain,9387
9391,گوشواره طلا زنانه,WOMEN Gold Earrings,women-gold-earrings,9387
9392,سرویس طلا زنانه,WOMEN Gold Jewelry Sets,women-gold-jewelry-sets,9387
9393,گردنبند طلا زنانه,WOMEN Gold Necklace,women-gold-necklace,9387
9394,آویز طلا زنانه,WOMEN Gold Pendants,women-gold-pendants,9387
9395,پیرسینگ طلا زنانه,WOMEN Gold Piercing,women-gold-piercing,9387
9396,انگشتر طلا زنانه,WOMEN Gold Ring,women-gold-ring,9387
9397,آویز ساعت طلا,Gold Watch Pendant,gold-watch-pendant,11670
9398,اکسسوری مو زنانه,WOMEN HAIR ACCESSORIES,women-hair-accessories,9380
9399,سرپوش زنانه,WOMEN HEADWEAR,women-headwear,9380
9400,زیورآلات زنانه,WOMEN JEWELRY,women-jewelry,9380
9401,پابند زنانه,WOMEN Anklet,women-anklet,9400
9402,دستبند زنانه,WOMEN Bracelet,women-bracelet,9400
9403,گل سینه زنانه,WOMEN Brooch,women-brooch,9400
9404,زنجیر زنانه,WOMEN Chain,women-chain,9400
9405,گوشواره زنانه,WOMEN Earrings,women-earrings,9400
9407,ست زیورآلات زنانه,WOMEN Jewelry Sets,women-jewelry-sets,9400
9408,جاکلیدی زنانه,WOMEN Keyring and KeyChain,women-keyring-and-keychain,9400
9409,گردنبند زنانه,WOMEN Necklace,women-necklace,9400
9410,آویز زنانه,WOMEN Pendants,women-pendants,9400
9411,پیرسینگ زنانه,WOMEN Piercing,women-piercing,9400
9412,انگشتر زنانه,WOMEN Ring,women-ring,9400
9413,آویز ساعت زنانه,WOMEN Watch Pendant,women-watch-pendant,9400
9415,شال و روسری زنانه,WOMEN SCARVES,women-scarves,9380
9416,زیورآلات نقره زنانه,WOMEN SILVER JEWELRY,women-silver-jewelry,11398
9417,پابند نقره زنانه,WOMEN Silver Anklet,women-silver-anklet,9416
9418,دستبند نقره زنانه,WOMEN Silver Bracelet,women-silver-bracelet,9416
9419,گل سینه نقره زنانه,WOMEN Silver Brooch,women-silver-brooch,9416
9420,زنجیر نقره زنانه,WOMEN Silver Chain,women-silver-chain,9416
9421,گوشواره نقره زنانه,WOMEN Silver Earrings,women-silver-earrings,9416
9422,سرویس نقره زنانه,WOMEN Silver Jewelry Sets,women-silver-jewelry-sets,9416
9423,گردنبند نقره زنانه,WOMEN Silver Necklace,women-silver-necklace,9416
9424,آویز نقره زنانه,WOMEN Silver Pendants,women-silver-pendants,9416
9425,پیرسینگ نقره زنانه,WOMEN Silver Piercing,women-silver-piercing,9416
9426,انگشتر نقره زنانه,WOMEN Silver Ring,women-silver-ring,9416
9427,آویز ساعت نقره,Silver Watch Pendant,silver-watch-pendant,11673
9428,اکسسوری ورزشی زنانه,WOMEN SPORT ACCESSORIES,women-sport-accessories,9380
9429,کراوات و پاپیون زنانه,WOMEN TIES,women-ties,9380
9431,کیف پول و کیف لوازم آرایش زنانه,WOMEN WALLETS & COSMETIC BAGS,women-wallets-and-cosmetic-bags,9380
9432,ساعت زنانه,WOMEN WATCHES,women-watches,9380
9433,ساعت عقربه ای زنانه,WOMEN Analouge Watches,women-analouge-watches,9432
9434,ساعت دیجیتال زنانه,WOMEN Digital Watches,women-digital-watches,9432
9435,لباس مردانه,Men Clothing,men-clothing,8752
9436,کت، جلیقه و ست رسمی مردانه,MEN BLAZERS & SUITS,men-blazers-suits,9435
9438,کت تک رسمی مردانه,MEN Formal Jacket,men-formal-jacket,9436
9439,ست کت و شلوار مردانه,MEN Suits & Sets,men-suits-and-sets,9436
9441,جلیقه رسمی مردانه,MEN Formal Vest,men-formal-vest,9436
9442,لباس راحتی مردانه,MEN HOMEWEAR,men-homewear,9435
9443,ست لباس راحتی مردانه,MEN Homewear Sets,men-homewear-sets,9442
9444,تاپ و تی شرت راحتی مردانه,MEN Homewear Tops & T-shirts,men-homewear-tops-t-shirts,9442
9445,شلوار راحتی مردانه,MEN Homewear Bottom,men-homewear-bottom,9442
9447,شلوار جین مردانه,MEN Jean Pants,men-jeans,9435
9448,ژاکت و پلیور مردانه,MEN Jackets and pullovers,men-knitwear,9435
9449,پالتو، بارانی و کاپشن مردانه,Men Outerwear,men-outwear,9435
9450,پالتو مردانه,MEN Coat,men-coat,9449
9451,کت چرم مردانه,MEN Leather Outwear,men-leather-outwear,9449
9452,جلیقه پاییزه مردانه,Men autumn Vest,men-outwear-vest,9449
9453,کاپشن مردانه,MEN Warm Jacket,men-warm-jacket,9449
9454,پیراهن مردانه,Mens shirt,men-shirts,9435
9455,شلوارک مردانه,MEN SHORTS,men-shorts,9435
9456,جوراب مردانه,MEN SOCKS,men-socks-tights,9435
9457,لباس ورزشی مردانه,MEN SPORTSWEAR,men-sportswear,9435
9458,لباس زیر ورزشی مردانه,MEN Sport Underwear,men-sport-underwear,9457
9459,شلوار ورزشی مردانه,MEN Sport Trousers & Jumpsuits,men-sport-trousers-jumpsuits,9457
9460,تی شرت ورزشی مردانه,MEN Sport T-Shirts,men-sport-t-shirts-polos,9457
9461,کاپشن و جلیقه ورزشی مردانه,MEN Sport Outwear,men-sport-outwear,9457
9462,شلوارک ورزشی مردانه,MEN Sport Shorts,men-sport-shorts,9457
9463,سویشرت و هودی ورزشی مردانه,MEN Sport Sweatshirts & Hoodies,men-sport-sweatshirts-hoodies,9457
9464,گرمکن و ست ورزشی مردانه,MEN Tracksuits & Sets,men-tracksuits-sets,9457
9465,مجموعه هودی مردانه,Men hoodie collection,men-hoodies-collection,11383
9466,لباس شنا مردانه,MEN SWIMWEAR,men-swimwear,9457
9467,مایو و لباس شنای مردانه,MEN Swimsuit,men-swim-bottom,9466
9468,لباس غواصی مردانه,MEN Wetsuit,men-wetsuit,9466
9469,لباس زیر مردانه,MEN UNDERWEAR,men-underwear,9435
9470,تی شرت مردانه,MEN TEE-SHIRTS,men-tee-shirts,9435
9471,تاپ مردانه,MEN TOPS,men-tops,9435
9472,شلوار مردانه,MEN TROUSERS,men-trousers,9435
9473,زیرپوش مردانه,MEN Undergarments,men-undergarments,9469
9474,شورت مردانه,MEN Underwear Bottom,men-underwear-bottom,9469
9476,کفش مردانه,Men Shoes,men-shoes,8752
9477,نیم بوت مردانه,MEN ANKLE BOOTS,men-ankle-boots,9476
9478,بوت مردانه,MEN BOOTS,men-boots,9476
9479,گیوه مردانه,MEN ESPADRILLES,men-espadrilles,9476
9480,دمپایی لاانگشتی مردانه,MEN FLIP FLOPS,men-flip-flops,9476
9481,کفش رسمی مردانه,MEN FORMAL SHOES,men-formal-shoes,9476
9482,صندل مردانه,MEN SANDALS,men-sandals,9476
9483,کت پاییزه و زمستانه مردانه,Men autumn and winter jackets,menjacket,9449
9484,دمپایی مردانه,MEN SLIPPERS,men-slippers,9476
9486,کفش ورزشی مردانه,MEN SPORT SHOES,men-sport-shoes-,9476
9487,اکسسوری مردانه,Men Accessories,men-accessories,8752
9488,کوله پشتی مردانه,MEN BACKPACKS,men-backpacks,9487
9489,کیف مردانه,MEN BAGS,men-bags,9487
9490,کمربند و ساسبند مردانه,MEN BELTS,men-belts,9487
9491,عینک آفتابی مردانه,MEN EYEWEAR,men-eyewear,11117
9492,ست هدیه مردانه,MEN GIFTS & SETS,men-gifts-sets,9487
9493,دستکش مردانه,MEN GLOVES & MITTENS,men-gloves-mittens,9487
9494,زیورآلات طلا مردانه,MEN Gold JEWELRY,men-gold-jewelry,11133
9495,دستبند طلا مردانه,MEN Gold Bracelet,men-gold-bracelet,9494
9496,لباس خواب زنانه,Women Homewear Set,women-homewear-sets-,9295
9497,زنجیر طلا مردانه,MEN Gold Chain,men-gold-chain,9494
9498,ست زیورآلات طلا مردانه,MEN Gold Jewelry Sets,men-gold-jewelry-sets,9494
9499,گردنبند طلا مردانه,MEN Gold Necklace,men-gold-necklace,9494
9500,آویز طلا مردانه,MEN Gold Pendants,men-gold-pendants,9494
9501,انگشتر طلا مردانه,MEN Gold Ring,men-gold-ring,9494
9502,دکمه سردست طلا,Gold Cufflinks,gold-cufflinks,11670
9503,گیره کراوات طلا,Gold Tie Clip,gold-tie-clip,11670
9504,سرپوش مردانه,MEN HEADWEAR,men-headwear,9487
9505,زیورآلات مردانه,MEN JEWELRY,men-jewelry,9487
9506,دستبند مردانه,MEN Bracelet,men-bracelet,9505
9507,زنجیر مردانه,MEN Chain,men-chain,9505
9508,ست زیورآلات مردانه,MEN Jewelry Sets,men-jewelry-sets,9505
9509,گردنبند مردانه,MEN Necklace,men-necklace,9505
9510,آویز مردانه,MEN Pendants,men-pendants,9505
9511,انگشتر مردانه,MEN Ring,men-ring,9505
9512,دکمه سردست مردانه,MEN Cufflinks,men-cufflinks,9505
9514,کیف سفری و چمدان مردانه,men-luggage,men-luggage,9487
9515,زیورآلات نقره مردانه,MEN SILVER JEWELRY,men-silver-jewelry,11398
9516,دستبند نقره مردانه,MEN Silver Bracelet,men-silver-bracelet,9515
9517,زنجیر نقره مردانه,MEN Silver Chain,men-silver-chain,9515
9518,ست زیورآلات نقره مردانه,MEN Silver Jewelry Sets,men-silver-jewelry-sets,9515
9519,گردنبند نقره مردانه,MEN Silver Necklace,men-silver-necklace,9515
9520,آویز نقره مردانه,MEN Silver Pendants,men-silver-pendants,9515
9521,انگشتر نقره مردانه,MEN Silver Ring,men-silver-ring,9515
9524,اکسسوری ورزشی مردانه,MEN SPORT ACCESSORIES,men-sport-accessories,9487
9525,کراوات و پاپیون مردانه,MEN TIES,men-ties,9487
9527,کیف پول مردانه,MEN WALLETS BAGS,men-wallets-bags,9487
9528,ساعت مردانه,MEN WATCHES,men-watches,9487
9529,ساعت عقربه ای مردانه,MEN Analouge Watches,men-analouge-watches,9528
9530,ساعت دیجیتال مردانه,MEN Digital Watches,men-digital-watches,9528
9531,زنانه و مردانه,Uni Clothing,uni-clothing,8749
9532,کفش زنانه و مردانه,Uni Shoes,uni-shoes,9531
9533,مراقبت کفش و لوازم جانبی,UNI SHOE CARE & ACCESSORIES,uni-shoe-care-accessories,9532
9534,اکسسوری زنانه و مردانه,Uni Accessories,uni-accessories,9531
9535,کوله پشتی زنانه و مردانه,UNI BACKPACKS,uni-backpacks,9534
9536,کیف زنانه و مردانه,UNI BAGS,uni-bags,9534
9537,عینک آفتابی زنانه و مردانه,UNI EYEWEAR,uni-eyewear,11122
9538,ست هدیه زنانه و مردانه,UNI GIFTS and SETS,uni-gifts-and-sets,9534
9539,سرپوش زنانه و مردانه,UNI HEADWEAR,uni-headwear,9534
9540,زیورآلات زنانه و مردانه,UNI JEWELRY,uni-jewelry,9534
9541,دستبند زنانه و مردانه,UNI Bracelet,uni-bracelet,9540
9542,جعبه جواهرات,UNI Jewelry Box,uni-jewelry-box,9540
9543,جاکلیدی زنانه و مردانه,UNI Keyring & keyChain,uni-keyring-keychain,9540
9544,آویز زنانه و مردانه,UNI Pendants,uni-pendants,9540
9545,ست زنانه و مردانه,UNI Sets,uni-sets,9540
9546,ملزومات زیورآلات,UNI JEWELRY ESSENTIAL,uni-jewelry-essential,9534
9548,زیورآلات نقره زنانه و مردانه,UNI SILVER JEWELRY,uni-silver-jewelry,9534
9550,آویز نقره زنانه و مردانه,UNI Silver Pendants,uni-silver-pendants,11443
9551,اکسسوری ورزشی زنانه و مردانه,UNI SPORT ACCESSORIES,uni-sport-accessories,9534
9552,لوازم جانبی الکترونیکی زنانه و مردانه,UNI TECH ACCESSORIES,uni-tech-accessories,9534
9556,کیف پول زنانه و مردانه,UNI WALLETS BAGS,uni-wallets-bags,9534
9557,ساعت زنانه و مردانه,UNI WATCHES,uni-watches,9534
9558,ساعت عقربه ای زنانه و مردانه,UNI Analouge Watches,uni-analouge-watches,9557
9559,ساعت دیجیتال زنانه و مردانه,UNISEX Digital Watches,unisex-digital-watches,9557
9561,ست ساعت زنانه و مردانه,UNI Watch Sets,uni-watch-sets,9557
9562,نوزاد,Baby Clothing,baby-clothing,8754
9563,لباس نوزاد,KIDS CLOTHES,kids-clothes,9562
9564,پیراهن و سارافون نوزاد,KIDS DRESSES,kids-dresses,9563
9565,کت، جلیقه و ست رسمی نوزاد,KIDS BLAZERS & SUITS,kids-blazers-and-suits,9563
9566,کت پاییزه و زمستانی نوزاد,Kids autumn and winter jacket,kids-jacket,9565
9567,جلیقه پاییزه و زمستانی نوزاد,Kids autumn and winter Vest,kids-vest,9565
9568,لباس راحتی نوزاد,KIDS HOMEWEAR,kids-homewear,9563
9569,ست لباس راحتی نوزاد,KIDS Homewear Sets,kids-homewear-sets,9568
9570,تاپ و تی شرت راحتی نوزاد,KIDS Homewear Tops & T-shirts,kids-homewear-tops-and-t-shirts,9568
9571,شلوار و شلوارک راحتی نوزاد,KIDS Homewear Bottom,kids-homewear-bottom,9568
9572,شلوار و سرهمی جین نوزاد,KIDS JEANS,kids-jeans,9563
9573,ست نوزاد,KIDS SUITS,kids-kids-suits,9563
9574,ژاکت و پلیور نوزاد,KIDS KNITWEAR,kids-knitwear,9563
9575,پالتو، بارانی و کاپشن نوزاد,KIDS OUTWEAR,kids-outwear,9563
9576,پالتو نوزاد,KIDS Coat,kids-coat,9575
9578,کت نوزاد,KIDS Light Jacket,kids-light-jacket,9575
9579,جلیقه نوزاد,KIDS Outwear Vest,kids-outwear-vest,9575
9580,کاپشن نوزاد,KIDS Warm Jacket,kids-warm-jacket,9575
9581,سرهمی زمستانی نوزاد,KIDS Warm Overalls,kids-warm-overalls,9575
9583,بلوز و شومیز نوزاد,KIDS SHIRTS,kids-shirts-,9563
9584,شلوارک نوزاد,KIDS SHORTS,kids-shorts,9563
9585,دامن نوزاد,KIDS SKIRTS,kids-skirts,9563
9586,جوراب و ساق نوزاد,KIDS SOCKS & TIGHTS,kids-socks-and-tights,9563
9588,جوراب نوزاد,KIDS Socks,kids-socks-,9586
9589,ساق نوزاد,KIDS Tights,kids-tights,9586
9590,لباس ورزشی نوزاد,KIDS SPORTSWEAR,kids-sportswear,9563
9591,شلوار و سرهمی ورزشی نوزاد,KIDS Sport Trousers & Jumpsuits,kids-sport-trousers-and-jumpsuits,9590
9596,دامن ورزشی نوزاد,KIDS Sport Skirts,kids-sport-skirts,9590
9598,گرمکن و ست ورزشی نوزاد,KIDS Tracksuits & Sets,kids-tracksuits-and-sets,9590
9599,سویشرت و هودی نوزاد,KIDS SWEATSHIRTS,kids-sweatshirts,9563
9600,لباس شنا نوزاد,KIDS SWIMWEAR,kids-swimwear,9563
9601,مایو دو تکه نوزاد,KIDS Bikini,kids-bikini,9600
9602,شورت مایو نوزاد,KIDS Swim Bottom,kids-swim-bottom,9600
9604,مایو یک تکه نوزاد,KIDS SwimSuit,kids-swimsuit,9600
9605,تی شرت نوزاد,KIDS TEE-SHIRTS,kids-tee-shirts,9563
9606,تاپ و تونیک نوزاد,KIDS TOPS,kids-tops,9563
9607,سرهمی نوزاد,KIDS JUMPSUITS,kids-jumpsuits,9563
9608,لباس زیر نوزاد,KIDS UNDERWEAR,kids-underwear,9563
9609,بادی نوزاد,KIDS Bodysuit,kids-bodysuit,9608
9610,شورت نوزاد,KIDS Underwear Bottom,kids-underwear-bottom,9608
9611,کفش نوزاد,Kids FOOTWEAR,kids-footwear,9562
9612,بوت نوزاد,KIDS BOOTS,kids-boots,9611
9614,کفش تخت نوزاد,kids-flat-shoes,kids-flat-shoes,9611
9616,صندل نوزاد,KIDS SANDALS,kids-sandals,9611
9617,دمپایی نوزاد,KIDS SLIPPERS,kids-slippers,9611
9619,کفش ورزشی نوزاد,KIDS SPORT SHOES,kids-sport-shoes-,9611
9620,اکسسوری نوزاد,KIDS ACCESSORIES,kids-accessories,9562
9621,اکسسوری نوزاد,BABY ACCESSORIES,baby-accessories,9620
9622,دستکش نوزاد,KIDS GLOVES and MITTENS,kids-gloves-and-mittens,9620
9623,سرپوش نوزاد,KIDS HEADWEAR,kids-headwear,9620
9624,پیش بند نوزاد,KIDS NAPKIN AND APRON,kids-napkin-and-apron,9620
9625,دخترانه,Girls Clothing,girls-clothing,8754
9626,لباس دخترانه,Girls Clothes,girls-clothes,9625
9627,کت، جلیقه و ست رسمی دخترانه,GIRLS BLAZERS & SUITS,girls-blazers-and-suits,9626
9628,کت رسمی دخترانه,GIRLS Jacket,girls-jacket,9627
9629,ست رسمی دخترانه,GIRLS Suits & Sets,girls-suits-and-sets,9627
9630,جلیقه رسمی دخترانه,GIRLS Vest,girls-vest,9627
9631,پیراهن دخترانه,GIRLS DRESSES,girls-dresses,9626
9632,لباس راحتی دخترانه,GIRLS HOMEWEAR,girls-homewear,9626
9633,ست لباس راحتی دخترانه,GIRLS Homewear Sets,girls-homewear-sets,9632
9634,تاپ و تی شرت راحتی دخترانه,GIRLS Homewear Tops & T-shirts,girls-homewear-tops-t-shirts,9632
9635,شلوار و شلوارک راحتی دخترانه,GIRLS Homewear Bottom,girls-homewear-bottom,9632
9637,شلوار و سرهمی جین دخترانه,GIRLS Jean pants and shorts,girls-jeans,9626
9638,ست لباس دخترانه,GIRLS GIRLS SUITS,girls-girls-suits,9626
9639,ژاکت و پلیور دخترانه,Girls jackets and pullovers,girls-knitwear,9626
9640,پالتو، بارانی و کاپشن دخترانه,GIRLS OUTWEAR,girls-outwear,9626
9641,پالتو دخترانه,GIRLS Coat,girls-coat,9640
9642,کت چرم دخترانه,GIRLS Leather Outwear,girls-leather-outwear,9640
9643,کت دخترانه,GIRLS Light Jacket,girls-light-jacket,9640
9644,پافر دخترانه,GIRLS Outwear Vest,girls-outwear-vest,9640
9645,کاپشن دخترانه,GIRLS Warm Jacket,girls-warm-jacket,9640
9646,بلوز و شومیز دخترانه,GIRLS SHIRTS,girls-shirts,9626
9647,بلوز دخترانه,GIRLS Blouse,girls-blouse,9646
9648,بادی دخترانه,GIRLS Bodysuit,girls-bodysuit,9646
9649,شومیز دخترانه,GIRLS Shirt,girls-shirt,9646
9650,تونیک دخترانه,GIRLS Tunic,girls-tunic,9646
9651,شلوارک دخترانه,GIRLS SHORTS,girls-shorts,9626
9652,دامن دخترانه,GIRLS SKIRTS,girls-skirts,9626
9653,جوراب و ساق دخترانه,GIRLS SOCKS and TIGHTS,girls-socks-and-tights,9626
9654,جوراب دخترانه,GIRLS Socks,girls-socks,9653
9655,ساق دخترانه,GIRLS Tights,girls-tights,9653
9656,لباس ورزشی دخترانه,GIRLS SPORTSWEAR,girls-sportswear,9626
9657,لباس زیر ورزشی دخترانه,GIRLS Sport Underwear,girls-sport-underwear,9656
9658,شلوار و سرهمی ورزشی دخترانه,GIRLS Sport Trousers and Jumpsuits,girls-sport-trousers-and-jumpsuits,9656
9659,تی شرت و پولوشرت ورزشی دخترانه,GIRLS Sport T-Shirts & Polos,girls-sport-t-shirts-polos,9656
9660,تاپ و نیم تنه ورزشی دخترانه,GIRLS Sport Tops,girls-sport-tops,9656
9661,کاپشن و جلیقه ورزشی دخترانه,GIRLS Sport Outwear,girls-sport-outwear,9656
9662,شلوارک ورزشی دخترانه,GIRLS Sport Shorts,girls-sport-shorts,9656
9663,دامن ورزشی دخترانه,GIRLS Sport Skirts,girls-sport-skirts,9656
9664,سویشرت و هودی ورزشی دخترانه,GIRLS Sport Sweatshirts & Hoodies,girls-sport-sweatshirts-hoodies,9656
9665,گرمکن و ست ورزشی دخترانه,GIRLS Tracksuits & Sets,girls-tracksuits-sets,9656
9666,سویشرت و هودی دخترانه,GIRLS SWEATSHIRTS & HOODIES,girls-hoodies,9626
9667,لباس شنا دخترانه,GIRLS SWIMWEAR,girls-swimwear,9626
9668,مایو دو تکه دخترانه,GIRLS Bikini,girls-bikini,9667
9669,شورت مایو دخترانه,GIRLS Swim Bottom,girls-swim-bottom,9667
9671,مایو یک تکه دخترانه,GIRLS SwimSuit,girls-swimsuit,9667
9672,تی شرت دخترانه,GIRLS TEE-SHIRTS,girls-tee-shirts,9626
9673,تاپ و تونیک دخترانه,GIRLS TOPS,girls-tops,9626
9674,شلوار دخترانه,GIRLS TROUSERS,girls-trousers,9626
9675,لباس زیر دخترانه,GIRLS UNDERWEAR,girls-underwear,9626
9677,بادی راحتی دخترانه,GIRLS Bodysuit,girls-bodysuit-,9675
9678,سوتین دخترانه,GIRLS Bra,girls-bra,9675
9679,شورت دخترانه,GIRLS Underwear Bottom,girls-underwear-bottom,9675
9680,کفش دخترانه,Girls FOOTWEAR,girls-footwear,9625
9681,نیم بوت دخترانه,GIRLS ANKLE BOOTS,girls-ankle-boots,9680
9682,بوت دخترانه,GIRLS BOOTS,girls-boots,9680
9684,کفش تخت دخترانه,GIRLS FLAT SHOES,girls-flat-shoes,9680
9685,دمپایی لاانگشتی دخترانه,GIRLS FLIP FLOPS,girls-flip-flops,9680
9687,صندل دخترانه,GIRLS SANDALS,girls-sandals,9680
9690,دمپایی دخترانه,GIRLS SLIPPERS,girls-slippers,9680
9691,کفش ورزشی دخترانه,GIRLS SPORT SHOES,girls-sport-shoes,9680
9692,اکسسوری دخترانه,GIRLS ACCESSORIES,girls-accessories,9625
9693,کوله پشتی دخترانه,GIRLS BACKPACKS,girls-backpacks,9692
9694,کیف دخترانه,GIRLS BAGS,girls-bags,9692
9695,کمربند دخترانه,GIRLS BELTS,girls-belts,9692
9696,عینک دخترانه,GIRLS EYEWEAR,girls-eyewear,9692
9697,ست هدیه دخترانه,GIRLS GIFTS & SETS,girls-gifts-sets,9692
9698,دستکش دخترانه,GIRLS GLOVES & MITTENS,girls-gloves-and-mittens,9692
9700,پابند طلا بچگانه,Kids gold anklet,kids-gold-anklet,11134
9704,گوشواره طلا بچگانه,Kids Gold Earrings,kids-gold-earrings,11134
9705,ست زیورآلات طلا بچگانه,Kids gold jewelry set,kids-gold-jewelry-sets,11134
9709,انگشتر طلا بچگانه,Kids gold ring,kids-gold-ring,11134
9710,آویز ساعت طلا بچگانه,Kids gold watch charm,kids-gold-watch-charm,11134
9711,زیور آلات مو دخترانه,GIRLS HAIR ACCESSORIES,girls-hair-accessories,9692
9712,سرپوش دخترانه,GIRLS HEADWEAR,girls-headwear,9692
9713,زیورآلات دخترانه,GIRLS JEWELRY,girls-jewelry,9692
9715,دستبند دخترانه,GIRLS Bracelet,girls-bracelet,9713
9716,گل سینه دخترانه,GIRLS Brooch,girls-brooch,9713
9718,گوشواره دخترانه,GIRLS Earrings,girls-earrings,9713
9720,ست زیورآلات دخترانه,GIRLS Jewelry Sets,girls-jewelry-sets,9713
9721,جاکلیدی دخترانه,GIRLS Keyring and KeyChain,girls-keyring-and-keychain,9713
9722,گردنبند دخترانه,GIRLS Necklace,girls-necklace,9713
9723,آویز دخترانه,GIRLS Pendants,girls-pendants,9713
9725,انگشتر دخترانه,GIRLS Ring,girls-ring,9713
9728,شال و روسری دخترانه,girls-scarves,girls-scarves,9692
9744,کیف پول و کیف لوازم آرایش دخترانه,GIRLS WALLETS & COSMETIC BAGS,girls-wallets-and-cosmetic-bags,9692
9745,ساعت دخترانه,GIRLS WATCHES,girls-watches,9692
9746,ساعت عقربه ای دخترانه,GIRLS Analouge Watches,girls-analouge-watches,9745
9747,ساعت دیجیتال دخترانه,GIRLS Digital Watches,girls-digital-watches,9745
9748,پسرانه,Boys clothing,boys-clothing,8754
9749,لباس پسرانه,Boys Clothes,boys-clothes,9748
9750,کت، جلیقه و ست رسمی پسرانه,BOYS BLAZERS and SUITS,boys-blazers-and-suits,9749
9751,کت تک رسمی پسرانه,BOYS Jacket,boys-jacket,9750
9752,ست رسمی پسرانه,BOYS Suits & Sets,boys-suits-and-sets,9750
9753,جلیقه رسمی پسرانه,BOYS Vest,boys-vest,9750
9754,ست لباس راحتی پسرانه,BOYS Homewear Sets,boys-homewear-sets,9756
9755,تاپ و تی شرت راحتی پسرانه,BOYS Homewear Tops & T-shirts,boys-homewear-tops-and-t-shirts,9756
9756,لباس راحتی پسرانه,BOYS HOMEWEAR,boys-homewear,9749
9757,شلوار و شلوارک راحتی پسرانه,BOYS Homewear Bottom,boys-homewear-bottom,9756
9759,شلوار و سرهمی جین پسرانه,Boys jean pants and shorts,boys-jeans,9749
9760,ست لباس پسرانه,BOYS SUITS,boys-suits,9749
9761,ژاکت و پلیور پسرانه,BOYS KNITWEAR,boys-knitwear,9749
9762,پالتو، بارانی و کاپشن پسرانه,BOYS OUTWEAR,boys-outwear,9749
9763,پالتو پسرانه,BOYS Coat,boys-coat,9762
9764,کت چرم پسرانه,BOYS Leather Outwear,boys-leather-outwear,9762
9765,کت پسرانه,BOYS Light Jacket,boys-light-jacket,9762
9766,جلیقه پسرانه,BOYS Outwear Vest,boys-outwear-vest,9762
9767,کاپشن پسرانه,BOYS Warm Jacket,boys-warm-jacket,9762
9768,پیراهن پسرانه,BOYS SHIRTS,boys-shirts,9749
9769,شلوارک پسرانه,BOYS SHORTS,boys-shorts,9749
9770,جوراب و ساق پسرانه,BOYS SOCKS & TIGHTS,boys-socks-tights,9749
9771,لباس ورزشی پسرانه,BOYS SPORTSWEAR,boys-sportswear,9749
9772,لباس زیر ورزشی پسرانه,BOYS Sport Underwear,boys-sport-underwear,9771
9773,شلوار و سرهمی ورزشی پسرانه,BOYS Sport Trousers & Jumpsuits,boys-sport-trousers-jumpsuits,9771
9774,تیشرت و پولوشرت ورزشی پسرانه,BOYS Sport T-Shirts & Polos,boys-sport-t-shirts-polos,9771
9775,کاپشن و جلیقه ورزشی پسرانه,BOYS Sport Outwear,boys-sport-outwear,9771
9776,شلوارک ورزشی پسرانه,BOYS Sport Shorts,boys-sport-shorts,9771
9777,سویشرت و هودی ورزشی پسرانه,BOYS Sport Sweatshirts & Hoodies,boys-sport-sweatshirts-hoodies,9771
9778,گرمکن و ست ورزشی پسرانه,BOYS Tracksuits & Sets,boys-tracksuits-sets,9771
9779,سویشرت و هودی پسرانه,BOYS SWEATSHIRTS & HOODIES,boys-hoodies,9749
9780,لباس شنا پسرانه,BOYS SWIMWEAR,boys-swimwear,9749
9781,مایو پسرانه,BOYS Swim Bottom,boys-swim-bottom,9780
9783,تی شرت پسرانه,BOYS TEE-SHIRTS,boys-tee-shirts,9749
9784,تاپ پسرانه,BOYS TOPS,boys-tops,9749
9785,شلوار پسرانه,BOYS TROUSERS,boys-trousers,9749
9786,لباس زیر پسرانه,BOYS UNDERWEAR,boys-underwear,9749
9787,بادی پسرانه,BOYS Bodysuit,boys-bodysuit,9786
9788,شورت پسرانه,BOYS Underwear Bottom,boys-underwear-bottom,9786
9789,زیرپوش پسرانه,Boys tops,boys-underwear-tops,9786
9790,کفش پسرانه,Boys Shoes,boys-shoes,9748
9791,نیم بوت پسرانه,BOYS ANKLE BOOTS,boys-ankle-boots,9790
9792,بوت پسرانه,BOYS BOOTS,boys-boots,9790
9793,گیوه پسرانه,BOYS ESPADRILLES,boys-espadrilles,9790
9794,دمپایی لاانگشتی پسرانه,BOYS FLIP FLOPS,boys-flip-flops,9790
9795,کفش رسمی پسرانه,BOYS FORMAL SHOES,boys-formal-shoes,9790
9796,صندل پسرانه,BOYS SANDALS,boys-sandals,9790
9798,دمپایی پسرانه,BOYS SLIPPERS,boys-slippers,9790
9799,کفش ورزشی پسرانه,BOYS SPORT SHOES,boys-sport-shoes,9790
9800,اکسسوری پسرانه,Boys Accessories,boys-accessories,9748
9801,کوله پشتی پسرانه,BOYS BACKPACKS,boys-backpacks,9800
9802,کیف پسرانه,BOYS BAGS,boys-bags,9800
9803,کمربند پسرانه,BOYS BELTS,boys-belts,9800
9804,عینک پسرانه,Boys Glasses,boys-eyewear,9800
9805,دستکش پسرانه,BOYS GLOVES & MITTENS,boys-gloves-and-mittens,9800
9814,سرپوش پسرانه,BOYS HEADWEAR,boys-headwear,9800
9830,اکسسوری ورزشی پسرانه,BOYS SPORT ACCESSORIES,boys-sport-accessories,9800
9831,کراوات و پاپیون پسرانه,BOYS TIES,boys-ties,9800
9833,کیف پول پسرانه,BOYS WALLETS,boys-wallets,9800
9834,ساعت پسرانه,BOYS WATCHES,boys-watches,9800
9835,ساعت عقربه ای پسرانه,BOYS Analouge Watches,boys-analouge-watches,9834
9836,ساعت دیجیتال پسرانه,BOYS Digital Watches,boys-digital-watches,9834
9841,جوراب زنانه,WOMEN Socks,women-socks-,9333
9842,جوراب شلواری زنانه,WOMEN Stockings,women-stockings,9333
9843,ساق زنانه,WOMEN Tights,women-tights,9333
9844,برس‌ها و تجهیزات آرایشی,Brushes and Cosmetics Tools,other-cosmetics,5700
9845,انواع خمیر و نان پیتزا,انواع خمیر و نان پیتزا,dough,10612
9846,کره بادام زمینی,Peanut Butter,peanut-butter,8915
9847,قهوه اسپرسو,Coffee,espresso-coffee,10902
9848,دمنوش,دمنوش,herbal-tea,10888
9849,نوشابه سیاه,Soft Drinks,black-soft-drink,10841
9850,نوشیدنی ورزشی و انرژی‌زا,Sport & Energy Drinks,sport-energy-drink,8907
9851,ماءالشعیر لیمویی,Non-Alcoholic Limon,limon-non-alcoholic,10849
9854,سوهان و رنده پا,سوهان و رنده پا,nail-file,9844
9856,کاغذ چاپ سریع,Instant Photo Paper,instant-photo-paper,51
9857,مبدل‌های سازمانی,مبدل‌های سازمانی,organizational-converters,8708
9858,مودم‌های سازمانی,مودم‌های سازمانی,organisation-modem,8708
9859,فیلم عکاسی,فیلم عکاسی,camera-photo,51
9860,گیره، ترمز و محافظ ریشه فرش,گیره، ترمز و محافظ ریشه فرش,carpet-acc,10635
9861,لوازم جانبی آسانسور,لوازم جانبی آسانسور,elavator-accesories,9862
9862,آسانسور,آسانسور,elevetor,10690
9863,باربند,باربند,car-rack,8269
9864,واریابل,واریابل,varibol,10657
9865,لوازم مصرفی هنرهای دستی,لوازم مصرفی هنرهای دستی,handicraft-accessories,10095
9866,معرق کاری,Mosaic,mosaic,6822
9867,ملیله کاغذی,Tapestry,tapestry,6908
9869,تیونینگ و تقویت موتور,Tuning and motor boost,tuning-motor-boost,6175
9870,لباس موتورسواری,Motorcyclists Clothing,motorcyclists-clothing,11147
9878,فرش پارچه‌ای,Fabric Carpet,fabric-carpet,10633
9879,حمام پیش ساخته,Prefabricated bath,prefabricated-bath,10654
9880,کوسن کودک,Baby cushion,baby-cushion,6797
9881,خرما,خرما,frozen-sweets,8897
9882,نقشه چاپی,Maps,maps,5917
9884,لوازم جانبی و اکسسوری عینک,لوازم جانبی و اکسسوری عینک,glass-accessories,11122
9886,ست جهیزیه عروس,Brides Dowry,brides-dowry,6300
9888,کیف چرمی دست دوز,Handmade Leather Bag,leatherbag,6466
9890,پوشش اسلامی,WOMEN ISLAMICWEAR,girl-islamicwear,9626
9891,چادر دخترانه,Girl Chador,girl-chador,9890
9892,مقنعه و پوشیه دخترانه,Women Scarf And Burka,girl-scarf-and-burka,9890
9893,مانتو و شلوار دخترانه,Girl Mantou and Pant,girl-mantou-and-pant,9890
9895,مانتو، پانچو و رویه دخترانه,مانتو، پانچو و رویه,girls-manteau-and-poncho,9890
9896,لوازم جانبی و اکسسوری عینک مردانه,لوازم جانبی و اکسسوری عینک مردانه,men-glass-accessories,11117
9897,لوازم جانبی و اکسسوری عینک زنانه,لوازم جانبی و اکسسوری عینک زنانه,women-glass-accessories,11120
9898,گردنبند زنانه و مردانه,Women And Men Necklace,women-and-men-necklace,9540
9900,لوازم جانبی ساعت عقربه ای و دیجیتال,لوازم جانبی ساعت عقربه ای و دیجیتال,watch-accessories,9534
9901,تسبیح,تسبیح,rosary,9534
9902,سایر لوازم جانبی دوربین,Miscellaneous Camera Accessories,misccameraaccessories,51
9903,پالت,Pallet,pallet,8743
9904,تجهیزات راهنمای تور,Tour Guide Equipment,tourguideequipment,5
9906,کفش روزمره مردانه,Casual Shoes for Men,casual-shoes-for-men,9476
9908,کفش روزمره زنانه,Casual Shoes for Women,casual-shoes-for-women,9365
9909,ساز عود,Oud,musicoud,10630
9912,تمبر,Stamp,postage-stamps,5974
9914,ست حلقه نقره زنانه و مردانه,Uni Silver Ring Sets,uni-silver-ring-sets,11443
9918,ست دستبند زنانه و مردانه,Uni Bracelet Sets,uni-bracelet-sets,9540
9919,ست انگشتر زنانه و مردانه,Uni Ring Sets,uni-ring-sets,9540
9921,زیورآلات طلا زنانه و مردانه,UNI GOLD JEWELRY,uni-gold-jewelry,11133
9925,جوراب زنانه و مردانه,Uni Socks,uni-socks,9534
9927,دستکش زنانه و مردانه,Uni Gloves,uni-gloves,9534
9928,شلوار و سرهمی جین دخترانه و پسرانه,UniKids-Jeans,unikids-jeans,11021
9929,تی شرت و پولوشرت دخترانه و پسرانه,UniKids-Tshirts-polos,unikids-tshirts-polos,11021
9930,شلوارک دخترانه و پسرانه,UniKids-shorts,unikids-shorts,11021
9931,شلوار و سرهمی دخترانه و پسرانه,UniKids-trousers-jumpsuits,unikids-trousers-jumpsuits,11021
9932,سویشرت و هودی دخترانه و پسرانه,UniKids-sweatshirts,unikids-sweatshirts,11021
9933,دستکش دخترانه و پسرانه,UniKids-gloves,unikids-gloves,11023
9934,کمربند دخترانه و پسرانه,UniKids-belts,unikids-belts,11023
9937,جوراب دخترانه و پسرانه,UniKids-socks,unikids-socks,11021
9938,سرپوش دخترانه و پسرانه,UniKids-headwear,unikids-headwear,11023
9940,کیف پول دخترانه و پسرانه,UniKids-wallets,unikids-wallets,11023
9941,کوله پشتی دخترانه و پسرانه,UniKids-backpacks,unikids-backpacks,11023
9942,کیف دخترانه و پسرانه,UniKids-bags,unikids-bags,11023
9943,عینک دخترانه و پسرانه,UniKids-Glasses,unikids-glasses,11023
9944,کیف سفری و چمدان دخترانه و پسرانه,UniKids-luggage,unikids-luggage,11023
9946,دستبند نقره زنانه و مردانه,Uni Silver Bracelet,uni-silver-bracelet,11443
9954,کفش ورزشی زنانه و مردانه,Uni Sport Shoes,uni-sport-shoes,9532
9955,ست لباس راحتی دخترانه و پسرانه,UniKids-homewear-sets,unikids-homewear-sets,11021
9956,تاپ و تی شرت راحتی دخترانه و پسرانه,UniKids-homewear-tops-t-shirts,unikids-homewear-tops-t-shirts,11021
9957,شلوار و شلوارک راحتی دخترانه و پسرانه,UniKids-homewear-bottom,unikids-homewear-bottom,11021
9958,شلوار و سرهمی ورزشی دخترانه و پسرانه,UniKids-sport-trousers-and-jumpsuits,unikids-sport-trousers-and-jumpsuits,11021
9959,تی شرت و پولوشرت ورزشی دخترانه و پسرانه,UniKids-sport-t-shirts-polos,girls-sport-t-shirts-polos1,11021
9961,سویشرت و هودی ورزشی دخترانه و پسرانه,UniKids-sport-sweatshirts-hoodies,unikids-sport-sweatshirts-hoodies,11021
9962,گرمکن و ست ورزشی دخترانه و پسرانه,UniKids-tracksuits-sets,unikids-tracksuits-sets,11021
9963,دستبند طلا بچگانه,Kids gold bracelet,kids-gold-bracelet,11134
9964,آویز طلا بچگانه,Kids-Gold-Pendant,kids-gold-kendant,11134
9965,دستبند دخترانه و پسرانه,UniKids-Bracelets,unikids-bracelets,11023
9966,آویز (پلاک) دخترانه و پسرانه,UniKids-Pendant,unikids-pendant,11023
9967,ساعت عقربه ای دخترانه و پسرانه,UniKids-analouge-watches,unikids-analouge-watches,11023
9968,ساعت دیجیتال دخترانه و پسرانه,UniKids-digital-watches,unikids-digital-watches,11023
9969,کفش ورزشی دخترانه و پسرانه,UniKids-sport-shoes,unikids-sport-shoes,11022
9970,جاکلیدی مردانه,Men Keyring and KeyChain,men-keyring-and-keychain,9487
9974,ملزومات زیورآلات زنانه,Women JEWELRY ESSENTIAL,women-jewelry-essential,9380
10009,گلیم ماشینی,Machine-knitted Kilim,machine-knitted-kilim,10634
10010,گبه ماشینی,Machine-Woven Gabbeh,machine-woven-gabbeh,10634
10011,تابلو و برچسب ایمنی و راهنما,Safety Sign,safety-sign,8099
10012,دخترانه و پسرانه,Uni Kids Fashion,uni-kids,8754
10013,بالابر هیدرولیک,Hydraulic Lift,hydraulic-lift,10700
10017,لوازم جانبی نوشت افزار,Stationery Accessories,stationery-accessories,5971
10018,مترجم,Translator,translator,5916
10019,پایه بوم,Canvas Base,canvas-base,5972
10021,پیرسینگ زنانه و مردانه,Uni Piercing,uni-piercing,9540
10022,انگشتر زنانه و مردانه,Unisex Ring,unisex-ring,9540
10023,یراق آلات کرکره برقی,Electric Shutters Construction Tools and Equipment,electric-shutters-construction-tools-and-equipment,8337
10024,چشمی درب,Door Eye Viewer,door-eye-viewer,8337
10025,چرخ,Wheel,wheel,8743
10026,کارت هدیه دیجی استایل,کارت هدیه دیجی استایل,digistyle-gift-card,10061
10030,بهداشت زنان,Female Hygiene,female-hygiene,5824
10031,کاپ قاعدگی,Menstrual Cup,menstrual-cup,10030
10033,بهداشت و نگهداری کودک,Bsby Health and Care,bsby-health-and-care,10286
10034,بهداشت دهان و دندان,Oral Health,oral-health,10284
10035,توری,Net,net,8337
10036,ادوات کشاورزی,Agriculture Machines,agriculture-machines,6075
10037,سرشاخه خرد کن,Crush the Branch,crush-the-branch,10036
10038,هد برداشت,Head Picked Up,head-picked-up,10036
10039,علوفه کوب,Hay Forage,hay-forage,10036
10040,ابزار پیش ساخته,Prefabricated Tool,prefabricated-tool,8337
10042,لیف کودک و نوزاد,Baby Bath Loofah,baby-bath-loofah,10678
10043,محصولات برنجی و برنزی,Brass and Bronze Products,brass-products,8017
10045,ماشین‌های تایپ,Typing Machine,typing-machine,5
10046,ست لباس زیر دخترانه,Girl Underwear Set,girl-underwear-set,9675
10050,مراقبت از پوست و مو,Skincare,skincare,10284
10051,لوازم بهداشتی مصرفی,Hygiene Products,hygiene-products,10284
10052,سمعک و لوازم جانبی,Hearing Aid and accessories,hearing-aid,5702
10053,صنایع دستی تزئینی,Decorative Handicrafts,decorative-handicrafts,6908
10054,پارچ و کلمن تصفیه آب,Water Pitcher and Coleman,water-pitcher-and-coleman,5701
10055,اسب رکاب‌دار,Pedal Horse,pedal-horse,10681
10056,اسباب بازی شانسی,Surprising Toys,surprising-toys,6056
10057,سنگ راف,Rough Rock,rough-rock,6308
10060,سرمه دوزی,Sormeh Doozi,sormeh-doozi,6466
10061,کارت هدیه,Gift Card,dk-ds-gift-card,0
10062,کراوات و پاپیون,unisex ties,unisex-ties,9534
10063,داکت و ترانکینگ,Duct and Trunking,duct-and-trunking,8113
10064,کابینت,Cabinets,cabinets,10699
10065,گیربکس,Gearbox,gearbox,11009
10067,غذای مادر و کودک,Baby Food,baby-foods,10286
10068,سفره یکبار مصرف,Disposable Tablecloth,disposable-tablecloth,10285
10070,ست‌های مناسبتی,Special Sets,special-set,8482
10071,معرق فلزی,Metal Diaphragm Work,metal-diaphragm-work,8017
10072,محافظ لنز گوشی موبایل,Mobile Lens Screen Protector,mobile-lens-screen-protector,12
10073,قطعات یدکی موبایل و تبلت,Mobile and Tablet Spare Parts,mobile-and-tablet-spare-parts,12
10075,تجهیزات صنایع گاز,Equipment for Gas Industry,equipment-for-gas-industry,8743
10076,شال مبل و تخت,Sofa And Bed Shawl,sofa-shawl,10653
10078,ظروف سرو و پذیرایی سنگی و سرامیکی,Serving-Dishes,serving-dishes,6912
10079,ماشین شخم زنی,Tiller Machine,tiller-machine,10036
10080,کفش رسمی دخترانه,Girl Formal Shoes,girl-formal-shoes,9680
10082,مجموعه ابزار,Tools Set,tools-set,6072
10083,ماسک تنفسی,ماسک تنفسی,mask-safety-equipment,10698
10084,دستگاه شست‌وشوی دهان و دندان,Oral irrigator,oral-irrigator,11324
10085,بخور,بخور,incense,6657
10088,لوازم جانبی و اکسسوری عینک,Kids Glasses Accessories,kids-glass-accessories,11023
10090,مینی دامپر,Mini Dumper,mini-dumper,10700
10091,مخزن آب,Water Tank,water-tank,8337
10092,موتور و الکتروموتور,Motor,motor,8743
10093,گلیم فرش,Carpet Kilim,carpet-kilim,10634
10094,سموم گیاهی و جانوری,Plant and Animal Pesticides,plant-and-animal-pesticides,10701
10095,ابزار کار هنری و دستی,Artwork Tools,artwork-tools,6451
10096,چرخ سفالگری,Pottery wheel,pottery-wheel,10095
10097,لگینگ زنانه,Women Legging,women-legging,9282
10098,رستر قهوه,coffee roaster,coffee-roaster,5854
10099,لوازم جانبی تصفیه‌آب و آبسردکن,Water Purifier Accessories,water-purifier-accessories,5854
10100,تجهیزات سوارکاری,Riding Accessories,riding-accessories,11227
10101,قطعات یدکی کالای دیجیتال,Digital Spare Parts,digital-spare-parts,6061
10102,گل طبیعی,Natural Flowers,natural-flowers,8895
10103,شاخه گل,Natural Flower,natural-flower,10102
10105,سبد گل,Flower Basket,flower-basket,10102
10106,جعبه گل,Flower Box,flower-box,10102
10109,قطعات یدکی ماشین آلات صنعتی,Spare Sarts for Industrial Machine,spare-parts-for-industrial-machinery,8743
10110,تجهیزات موتوری ماشین آلات صنعتی,Motor Equipment of Industrial Machines,motor-equipment-of-industrial-machines,10109
10111,تجهیزات هیدرولیکی ماشین آلات صنعتی,Hydraulic Equipment of Industrial Machines,hydraulic-equipment-of-industrial-machines,10109
10113,تجهیزات مصرفی ماشین آلات صنعتی,Consumable Equipment of Industrial Machines,consumable-equipment-of-industrial-machines,10109
10114,تجهیزات برقی ماشین آلات صنعتی,Electrical Equipment of Industrial Machines,electrical-equipment-of-industrial-machines,10109
10115,تجهیزات بدنه ماشین آلات صنعتی,Body Equipment of Industrial Machines,body-equipment-of-industrial-machines,10109
10116,برچسب پوششی گوشی موبایل,Cover Sticker,cover-sticker,12
10117,تجهیزات ضدعفونی کننده,Sanitizing Devices,sanitizing-devices,5701
10118,جعبه کارت هدیه دیجی کالا,digikala box for gift card,box-for-digikala-gift-card,10061
10119,مکمل غذایی و ورزشی,Dietary and Sports supplements,dietary-and-sports-supplements,5702
10120,پروتئین,protein,protein,11195
10121,ویتامین‌ها و مواد معدنی,Vitamins-and-minerals,vitamins,11208
10122,مکمل کمک درمانی کودک,complementary therapy baby,complementary-therapy-baby,11202
10123,تاج گل,Wreath,wreath,10102
10124,دسته گل,Bunch of flowers,bunch-of-flowers,10102
10125,فینگر فود و پذیرایی,Finger Food,finger_food,8895
10126,فینگر فود,فینگر فود,fingerfood,10125
10127,لوازم جانبی دارت,Darts Accessories,darts-accessories,10676
10128,سرویس‌های اینترنت و سیم‌کارت,Internet Services,internet-services,5966
10129,لوازم جانبی ماسک تنفسی,Respiration Mask Accessories,respiration-mask-accessories,10698
10130,لوازم مصرفی دندانپزشکی,Dental-consumables,dental-consumables,11311
10132,سرویس اینترنت,Internet Service,internet-service,10128
10133,چنگ,Harp,harp,10630
10134,خوراکی و تخم مرغ شانسی,surprising food,random-food,8898
10135,چراغ موتور سیکلت,Motorcycle Light,motorcycle-light,8793
10136,پودر مخمل,Velvet Powder,velvet-powder,8113
10137,نقاشی و دست‌نوشته‌های هنری,Paint and calligraphy,paint-and-calligraphy,6451
10138,آیات و ادعیه کارتی,Card Prayers and Ayeh,card-prayers-and-ayeh,9014
10139,کنترلر گاز,Gas Controller,gas-controller,10075
10140,محافظ و آبگیر کنار سینک,Sink Cover,sink-cover,6274
10141,جعبه و تابلو برق,Electrical Box,electrical-box,10657
10142,دستگاه تولید بالشتک هوا,Air Cushion Machine,air-cushion-machine,8743
10143,کتاب چاپی غیر فارسی,Foreign Printed Books,foreign-printed-book,10486
10144,تجهیزات جانبی سمپاش,Sprayer Accessories,sprayer-accessories,10703
10145,آینه سرویس بهداشتی,Bathroom Mirror,bathroom-mirror,10656
10146,آفتابه,Pitcher,pitcher,10655
10147,جامسواکی,Toothbrush Holder,toothbrush-holder,10655
10150,قنادی,Fresh Pastry,fresh-pastry,8895
10151,شیرینی تر و خامه‌ای,شیرینی تر و خامه‌ای,fresh-sweet,10150
10152,روکش توالت فرنگی,Toilet Seat Cover,toilet-seat-cover,10285
10153,ساعت دست‌ساز,Handmade Clock,handmade-clock,6908
10154,پاک‌کننده و حلال چسب,Adhesive Remover,adhesive-remover,8113
10155,بارانی زنانه,Women Raincoat,women-raincoat,9315
10156,اکسسوری شال و روسری زنانه,Women Scarves Accessories,women-scarves-accessories,9380
10158,آرایش و مراقبت مو,Hair Care,hair,5824
10166,سارافون دخترانه,Girl Sarafan,girl-sarafan,9626
10167,محصولات نقره,Silver Products,silver-products,8017
10168,ورزشی مردانه,Men Sports,men-sports,8752
10169,ورزشی زنانه,Women Sports,women-sports,8753
10170,محصولات بومی و محلی,محصولات بومی و محلی,rural-products,0
10171,خانه و کاشانه,Rural Home,rural-home,10170
10173,پوشاک بومی و محلی,Rural Cloth And Apparel,rural-cloth-and-apparel,10170
10174,دکوراتیو سنتی,Traditional Decorative,rural-decorative,10171
10175,لوازم آشپزخانه سنتی,Traditional Kitchen Utensils,rural-kitchen-utensils,10171
10176,ظروف سنتی,Traditional Dishes,rural-dishes,10171
10177,قالی و قالیچه,Traditional Carpets & Rugs,rural-carpets-and-rugs,10171
10178,رومیزی، رانر و زیربشقابی سنتی,Traditional Tablecloth and Under-plate,traditional-tablecloth-and-under-plate,10171
10179,خواب و حمام,Bed and Bath,rural-bed-and-bath,10171
10182,لباس سنتی و محلی,Traditional and Local Clothing,rural-clothing,10173
10183,اکسسوری و زیورآلات دست ساز,Traditional Accessories,rural-accessories,10173
10184,بازی و سرگرمی های بومی محلی,Rural Game and Fun,game-and-fun,10170
10185,گوشت پرندگان,Birds Meat,birds-meat,9218
10186,خاویار,Caviar,caviar,9218
10187,میگو,Shrimp,shrimp,9218
10188,لنز چشم,Eye Lens,eye-lens,6464
10189,چراغ خواب و آباژور دست ساز,Bedside Lamp and Table Lamp,rural-bedside-lamp-and-table-lamp,10174
10190,لوستر و چراغ آویز دست ساز,Hanging Lamp,rural-hanging-lamp,10174
10191,آینه و شمعدان سنتی,Mirror and Candlestick,rural-mirror-candlestick,10174
10192,گلاب ریز محلی,Roses,rural-roses-water-container,10174
10193,مجسمه دست ساز,Sculpture,rural-sculpture,10174
10194,میز دست ساز,Table,rural-hand-made-table,10174
10196,گلدان دست ساز,Flower Pot,rural-flower-pot,10174
10197,شیدر نورپردازی,Shader,shader,111
10198,آتش دان محلی,Fire Box,rural-firebox,10174
10199,اسپند سوز سنتی,Pecan Incense,pecan-incense,10174
10200,آویز سرپرده سنتی,Decorative Curtain,rural-decorative-curtain,10174
10202,شمعدان دست ساز,Candlestick,candlestick-,10174
10203,شلف گره چینی محلی,Gereh Chini Shelf,gereh-chini-shelf,10174
10204,چراغ پیه سوز,Pottery Tallow Burner,pottery-tallow-burner,10174
10205,نوار سوزن دوزی,Embroidered Ribbon,embroidered-ribbon,10174
10206,صراحی محلی,Baluster,baluster,10174
10207,تابلو سنتی,Tableau,tableau,10174
10209,پرده دست دوز,Curtain,curtain-,10174
10210,سطل دست ساز,Bin,bin,10174
10212,جا دستمال کاغذی سنتی,Tissue Holder,tissue-holder-,10174
10213,زیر سیگاری سنتی,Ash Tray,ash-tray,10174
10215,قفل دست ساز,Lock,rural-lock,10174
10216,قلمدان سنتی,Pen Case,rural-pen-case,10174
10217,آویز کلید دست ساز,Key Hanger,rural-key-hanger,10174
10218,ست هدیه سنتی,Gift Set,rural-gift-set,10174
10219,ست هفت سین سنتی,Haftsin Set,rural-haftsin-set,10174
10221,زنگوله محلی,Bell,rural-bell,10174
10222,عطردان محلی,Scent Box,rural-scent-box,10174
10223,قاب دست ساز,Frame,rural-frame,10174
10224,ست چای دان محلی,ست چای‌دان,rural-tea-container,10174
10225,ست اداری محلی,ست اداری,rural-office-set,10174
10226,سوتک دست ساز,سوتک,rural-sootak,10174
10228,سرمه دان دست ساز,سرمه‌دان,rural-sormeh-dan,10174
10229,کاشی سنتی,کاشی,rural-tile,10174
10230,کشو دست ساز,کشو,rural-drawer,10174
10231,رحل دست ساز,رحل,rural-rahl,10174
10233,چاقو دست ساز,چاقو,rural-hand-made-knife,10175
10234,سبد دستبافت,سبد دستبافت,rural-hand-made-basket,10175
10235,شیرجوش سنتی,شیرجوش,rural-milk-boiler,10175
10236,تابه دست ساز,تابه,rural-pan,10175
10237,هاون سنتی,هاون,rural-mortar,10175
10238,آجیل خوری سنتی,آجیل‌خوری,rural-nuts-pot,10176
10239,پارچ و لیوان سنتی,پارچ و لیوان,rural-pitcher-glass,10176
10240,پیاله و جام سنتی,جام و پیاله و صراحی,rural-cup-pialeh,10176
10241,سرویس چای خوری سنتی,سرویس چای خوری,rural-tea-set,10176
10242,گمج سنتی,گمج,rural-gamaj,10176
10243,دیس و سینی سنتی,سینی,rural-tray,10176
10244,قندان سنتی,قندان,rural-sugar-container,10176
10245,قوری سنتی,قوری,rural-teapot,10176
10246,سرویس قاشق و چنگال و کارد دست ساز,سرویس قاشق و چنگال و کارد,rural-spoon-folk-knife,10175
10248,کاسه و بشقاب سنتی,کاسه و کاسه بشقاب,rural-bowl,10176
10249,ظرف کره و پنیر سنتی,ظرف کره و پنیر,cheese-butter,10176
10250,فنجان و نعلبکی سنتی,فنجان و نعلبکی,cup-saucer,10176
10251,قاشق دست ساز,قاشق,rural-spoon,10175
10252,لیوان سنتی,لیوان,rural-glass,10176
10253,میوه‌ خوری دست ساز,میوه‌ خوری,rural-fruit-dish,10176
10254,شکلات خوری سنتی,شکلات‌خوری,rural-chocolate-container,10176
10255,شیرینی خوری سنتی,شیرینی‌خوری,rural-coockie-dish,10176
10256,اردور خوری سنتی,اردور خوری,rural-ordove,10176
10257,سس خوری سنتی,سس‌خوری,rural-sause-container,10176
10258,بشقاب سنتی,بشقاب,rural-plate,10176
10259,بطری سنتی,بطری,rural-bottle,10176
10260,پارچ سنتی,پارچ,rural-pitcher,10176
10261,دیگ و قابلمه سنتی,دیگ و قابلمه,rural-pot-dig,10176
10262,خمره سنتی,خمره,rural-jar,10176
10263,نمکدان و فلفل پاش محلی,نمکدان و فلفل‌پاش,rural-salt-pepper-container,10176
10264,پیمانه دست ساز,پیمانه,rural-measure,10175
10265,تخته سرو دست ساز,تخته سرو,rural-serve-board,10175
10266,آبلیموخوری سنتی,آبلیموخوری,rural-lemon-juice-container,10176
10267,قالی و قالیچه محلی,قالیچه,rural-rug,10177
10268,گبه سنتی,گبه,rural-gabbe,10177
10269,گلیم سنتی,گلیم,rural-gelim,10177
10270,جاجیم سنتی,جاجیم,rural-jajim,10177
10271,زیرانداز سنتی,زیرانداز,rural-underlay,10177
10272,زیلو,زیلو,rural-ziloo,10177
10273,رومیزی سنتی,رومیزی,rural-tablecloth,10178
10274,آویز حوله سنتی,آویز حوله,rural-towel-hanger,10179
10275,پتو سنتی,پتو,rural-blanket,10179
10276,حوله محلی,حوله,rural-towel,10179
10277,کوسن سنتی,کوسن,rural-cushion,10179
10278,شمد محلی,شمد,rural-shamad,10179
10279,عروسک محلی,عروسک,rural-doll,10184
10280,اسباب بازی چوبی,بازیچه‌های چوبی,rural-wooden-toys,10184
10282,شطرنج دست ساز,شطرنج,rural-chess,10184
10283,خودکار دست ساز,خودکار,rural-pencil,10174
10284,بهداشت شخصی,Personal Hygiene,personal-hygiene,8895
10285,بهداشت خانگی,Home Hygiene,home-hygiene,8895
10286,مادر و کودک,Baby and Mother,baby-and-mother,8895
10287,تونیک زنانه,Women Tunics,women-tunic,9282
10288,پولوشرت مردانه,Men Polo Shirt,men-polo-shirt,9435
10290,سرهمی دخترانه,GIRLS JUMPSUITS,girls-jumpsuits,9626
10291,سرهمی مردانه,MEN JUMPSUITS,men-jumpsuits,9435
10305,مجموعه سویشرت مردانه,Men-sweatshirt-collection,men-sweatshirts-collection,11390
10306,مجموعه سویشرت زنانه,women sweatshirt collection,women-sweatshirts-collection,11394
10308,لوازم تعمیرات کالای دیجیتال,Digital Devices Repair Accessories,digital-devices-repair-accessories,6060
10309,ماسک پارچه‌ای زنانه و مردانه,Unisex Cloth Face Mask,cloth-face-mask,9534
10310,لوازم تعمیرات موبایل، تبلت و کالای دیجیتال,"Mobile, Tablet And Digital Devices Repair Accessories",mobile-tablet-and-digital-devices-repair-accessories,12
10311,گیره و مگنت,Clamps and Magnets,clamps-and-magnets,6308
10312,کمک های خیریه,کمک های خیریه,donation,0
10313,دیوارکوب,Wall Decor,wall-decor,6308
10314,فن کویل,Fan Coil,fan-coil,5855
10315,یخچال‌های فروشگاهی و فریزرهای بستنی,Store Refrigerators And Ice Cream Freezers,store-refrigerators-and-ice-cream-freezers,8743
10317,کمک‌های مالی خیریه,کمک‌های مالی خیریه,donate,10312
10318,مواد غذایی ارگانیک,Rural Food and Beverage,rural-food-and-beverage,10170
10319,خوار و بار محلی,Rural Groceries,rural-groceries,10318
10320,لبنیات سنتی,Rural Dairy,rural-dairy,10318
10321,گوشت و محصولات پروتئینی ارگانیک,Rural Meat and Protein Foods,rural-meat-and-protein-foods,10318
10322,کیک و شیرینی خانگی,Rural Sweets,rural-sweets,10318
10323,نوشیدنی‌های محلی,Rural Beverages,rural-beverages,10318
10324,تنقلات خانگی,Rural Nuts and Dried Fruits,rural-nuts-and-dried-fruits,10318
10325,صبحانه محلی,Rural Breakfast,rural-breakfast,10318
10326,قند و نبات ارگانیک,Rural Sugar and Crystallised Sugar,rural-sugar-and-crystallized-sugar,11038
10327,شکر قهوه‌ای ارگانیک,Brown Sugar,brown-sugar,11038
10328,برنج محلی,Rural Rice,rural-rice,10319
10329,حبوبات و سویا ارگانیک,Organic Beans and Soy,organic-beans-and-soy,11036
10330,روغن محلی,Rural Oil,rural-oil,10319
10331,رشته خانگی,Homemade Noodle,homemade-noodle,11040
10332,رب گوجه خانگی,Homemade Tomato Paste,homemade-tomato-paste,11031
10333,چاشنی‌های ترش خانگی,Homemade Liquid Condiments,homemade-liquid-condiments,11037
10334,غلات ارگانیک,Organic Cereals,organic-cereals,11036
10335,ادویه‌های ارگانیک,Rural Flavors and Spices,rural-flavors-and-spices,11031
10336,زعفران و زرشک ارگانیک,Organic Saffron and Barberry,organic-rural-saffron-and-barberry,11031
10337,سبزی خشک خانگی,Rural Dried Herbs,rural-dried-herbs,11039
10338,خیارشور و ترشیجات خانگی,Homemade Pickles,homemade-pickles,11037
10339,نان محلی,Rural Bread,rural-bread,11040
10340,زیتون محلی,Homemade Olive,homemade-olive,11037
10341,کره گیاهی و حیوانی محلی,Rural Butter,rural-butter,10320
10342,کشک خشک محلی,Rural Dried Whey,rural-dried-whey,10320
10343,پنیر خشک محلی,Rural Dried Cheese,rural-dried-cheese,10320
10344,ماهی تازه,Local Fish,rural-fish,10321
10345,میگو تازه,Local Shrimp,local-shrimp,10321
10346,خاویار ارگانیک,Local Caviar,local-caviar,10321
10347,شیرینی خانگی,Homemade Sweets,homemade-sweets,10322
10348,خرمای محلی,Local Date,rural-date,11029
10349,کیک و کلوچه محلی,Rural Cakes and Cookies,rural-cakes-and-cookies,10322
10350,شکلات خانگی,Homemade Chocolate,homemade-chocolate,10322
10351,قهوه ارگانیک,Rural Coffee,rural-coffee,11032
10352,چای ارگانیک ایرانی,Local Tea,rural-tea,11032
10353,عرقیات و گلاب سنتی,Rural Distillates and Rosewater,rural-distillates-and-rosewater,11030
10354,دمنوش گیاهی,Rural Herbal Tea,rural-herbal-tea,11032
10355,آجیل سنتی,Rural Nuts,rural-nuts,11029
10356,تخمه و مغز طعم‌دار محلی,Rural Flavored Seeds and Nuts,rural-flavored-seeds-and-nuts,10324
10357,لواشک، برگه و آلوچه خانگی,Organic Fruit Leather and Dried Fruit,organic-fruit-leather-and-dried-fruit,10324
10358,آدامس طبیعی,Natural Gum,natural-gum,10324
10359,مربا خانگی,Homemade Jam,homemade-jam,10325
10360,حلوا شکری، ارده و کنجد سنتی,Homemade Halva and Sesame,rural-halva-and-sesame,10325
10361,عسل طبیعی,Rural Honey,rural-honey,10325
10362,کره بادام زمینی خانگی,Homemade Peanut Butter,homemade-peanut-butter,10325
10363,کمپوت خانگی,Homemade Compote,homemade-compote,10324
10364,ماسک پارچه‌ای بچگانه,Kids Cloth Face Mask,kids-face-masks,11023
10365,ادوات دامداری و دامپروری,Livestock and Animal Husbandry Equipment,livestock-and-animal-husbandry-equipment,8450
10366,دستگاه شیردوش,Milking Machine,milking-machine,10365
10367,تجهیزات استخر، سونا و جکوزی,Pool Sauna and Jacuzzi Equipment,pool-sauna-and-jacuzzi-equipment,10480
10368,کیس و کاور سنتی,Traditional Case and Cover,rural-traditional-case-and-cover,10174
10370,سیم‌کارت ایرانسل,Irancell Sim Card,irancell-sim-card,10128
10372,اکسسوری سنتی مردانه,Men Traditional Accessories,men-traditional-categories,10183
10373,اکسسوری سنتی زنانه,Women Traditional Accessories,women-traditional-categories,10183
10374,زیورآلات دست ساز زنانه,Women Traditional Jewelry,women-traditional-jewelry,10373
10375,زیورآلات دست ساز مردانه,Men Traditional Jewelry,men-traditional-jewelry,10372
10376,اکسسوری سنتی زنانه و مردانه,Unisex Traditinal Acessories,uni-traditional-accessories,10183
10377,زیورآلات بومی و محلی مردانه و زنانه,Unisex Traditional Jewelry,unisex-traditional-jewelry,10376
10379,انگشتر دست‌ساز مردانه,Men Traditional Ring,men-traditional-ring,10375
10380,گردنبند دست‌ساز مردانه,Men Traditional Necklace,men-traditional-necklace,10375
10381,ست زیورآلات دست‌ساز مردانه,Men Traditional Jewelry Set,men-traditional-jewelry-set,10375
10382,نیم ست زیورآلات دست‌ساز مردانه,Men Jewelry Half Set,men-traditional-half-set,10375
10383,جعبه و کیسه هدیه دست‌ساز,Traditional Gift Box and Bag,traditional-gift-box-bag,10183
10384,لباس محلی مردانه,Men Traditional Garment,men-traditional-garment,10182
10385,لباس محلی زنانه,Women Traditional Garment,women-traditional-garment,10182
10386,کفش سنتی زنانه,Women Traditional Shoes,women-traditional-shoes,10385
10387,کلاه سنتی زنانه,Women Traditional Headwear,women-traditional-headwear,10385
10388,بلوز سنتی زنانه,Women Traditional Shirts,women-traditional-shirts,10385
10389,شال و روسری سنتی زنانه,Women Traditional Scarves,women-traditional-scarves,10385
10390,پانچو سنتی زنانه,Women Traditional Poncho,women-traditional-poncho,10385
10391,شلوار سنتی زنانه,Women Traditional Pants,women-traditional-pants,10385
10392,جوراب و پاپوش سنتی زنانه,Women Traditional Socks,women-traditional-socks,10385
10393,گوشواره دست‌ساز زنانه,Women Traditional Earrings,women-traditional-earrings,10374
10394,کیف سنتی زنانه,Women Traditional Bags,women-traditional-bags,10373
10395,کراوات سنتی مردانه,Men Traditional Ties,men-traditional-ties,10372
10396,کیف سنتی زنانه و مردانه,Traditional Bag,traditional-bag,10376
10397,تل مو دست ساز زنانه,Traditional Women Hair Band,traditional-women-hair-band,10373
10398,پاپیون سنتی مردانه,Traditional Men Bow Tie,traditional-men-bow-tie,10372
10399,گردنبند دست‌ساز زنانه,Women Traditional Necklace,women-traditional-necklace,10374
10400,دستبند دست‌ساز زنانه,Women Traditional Bracelet,women-traditional-bracelet,10374
10402,ساعت دست‌ساز زنانه,Women Traditional Watch,women-traditional-watch,10373
10403,کفش دست‌دوز مردانه,Men Traditional Shoes,men-traditional-shoes,10384
10404,کلاه سنتی مردانه,Men Traditional Headwear,men-traditional-headwear,10384
10405,پیراهن سنتی مردانه,Men Traditional Shirts,men-traditional-shirts,10384
10406,شال دست‌دوز مردانه,Men Traditional Shawl,men-traditional-shawl,10384
10407,شلوار سنتی مردانه,Men Traditional Pants,men-traditional-pants,10384
10408,جوراب و پاپوش سنتی مردانه,Men Traditional Socks,men-traditional-socks,10384
10409,کیف دست‌دوز مردانه,Men Traditional Bags,men-traditional-bags,10372
10410,ساعت دست‌ساز مردانه,Men Traditional Watch,men-traditional-watch,10372
10411,کراوات دست‌دوز زنانه,Women Traditional Ties,women-traditional-ties,10373
10412,پاپیون دست‌دوز زنانه,Traditional Women Bow Tie,traditional-women-bow-tie,10373
10413,دستبند دست‌ساز مردانه,Men Traditional Bracelet,men-traditional-bracelet,10375
10414,قطعات یدکی و لوازم جانبی پایانه‌های فروشگاهی و دستگاه‌های کارتخوان بانکی,Spare Parts And Accessories For Store Terminals And Bank Card Readers,spare-parts-and-accessories-for-store-terminals-and-pos,8661
10443,انگشتر دست‌ساز زنانه,Women Traditional Ring,women-traditional-rings,10374
10444,ساعت دست‌ساز زنانه و مردانه,Traditional Watch,traditional-watch,10376
10445,کراوات سنتی زنانه و مردانه,Traditional Tie,traditional-unisex-tie,10376
10446,پاپیون دست‌دوز زنانه و مردانه,Traditional Bow Tie,traditional-unisex-bowtie,10376
10447,ست زیورآلات دست‌ساز زنانه,Woen Traditional Jewelry Set,women-traditional-jewelry-set,10374
10448,نیم ست زیورآلات دست‌ساز زنانه,Women Jewelry Half Set,women-traditional-half-set,10374
10449,مانتو سنتی زنانه,Women Traditional Manteau,women-traditional-manteau,10385
10450,پابند دست‌ساز زنانه,Women Traditional Anklet,women-traditional-anklet,10374
10451,سنجاق سینه دست‌ساز,Women Traditional Brooch,women-traditional-brooch,10374
10452,برقع سنتی زنانه,Women Burqa,women-burqa,10385
10453,سرکلیدی دست ساز,سرکلیدی بومی و محلی,rural-keychain-hanger,10174
10454,پیکسل دست ساز,Traditional Badge,traditional-badge,10183
10455,آینه سنتی,آینه بومی و محلی,rural-mirror,10174
10456,تجهیزات سنجش و ارزیابی سلامت بدن,Body Health Assessment Equipment,body-health-assessment-equipment,5702
10457,دیفرانسیل خودرو,دیفرانسیل خودرو,differential,11009
10459,پلوپز,Electric Rice Cooker,electric-rice-cooker,5852
10460,لوازم جانبی و یدکی اسباب بازی,Toys Accessories,toys-accessories,10684
10463,اکسسوری دست‌ساز مو,Traditional Women Hair accessory,traditional-women-hair-accessories,10373
10464,ماسک دست‌دوز,Face Mask Traditional,face-mask-traditional,10183
10465,گیوه سنتی زنانه,Women Espadrilles traditional,women-espadrilles-traditional,10385
10467,گیوه سنتی مردانه,Men Espadrilles traditional,men-espadrilles-traditional,10384
10468,تاپ سنتی زنانه,women traditional Tops,women-traditional-tops,10385
10469,تی شرت سنتی زنانه,women traditional T-Shirt,women-traditional-t-shirt,10385
10470,آرام‌پز و زودپز برقی,Slow Cooker And Electric Fast Cooker,slow-cooker-and-electric-fast-cooker,5852
10472,فیلتر تصفیه کننده آب,Water Purifier Filter,water-purifier-filter,5753
10473,ماسک پارچه‌ای زنانه,Women Cloth Face Mask,women-cloth-face-mask,9380
10474,ماسک پارچه‌ای مردانه,Men Cloth Face Mask,men-cloth-face-mask,9487
10475,فیلتر تصفیه کننده هوا,Air Purifier Filter,air-purifier-filter,5855
10476,ساندبار,Soundbar,soundbar,7
10477,ماینینگ,Mining,mining,5966
10479,پوشاک بچگانه,Kids Traditional Clothing,kids-traditional-clothing,10182
10480,استخر، سونا و جکوزی,Pool Sauna and Jacuzzi,pool-sauna-and-jacuzzi,10690
10481,دستمال نظافت خانه و آشپزخانه,Handkerchief-HW,handkerchief-hw,6274
10482,فیلتر چای,Tea Filter,tea-filter,6256
10484,کالیمبا,Kalimba,kalimba,10613
10486,کتاب,Book,book,8
10487,پنکه‌های دستی، شارژی، همراه، گیره‌ای و USB,"Handheld, Rechargeable, Mobile, Clamp And USB Fans",handheld-rechargeable-mobile-clamp-and-usb-fans,5855
10490,کتاب کودک و نوجوان,Children-Book,children-book,10486
10498,بازی های کنسول خانگی,Home Console Games,home-console-games,60
10499,بستنی,Ice Cream,ice-cream,9208
10500,کفش کالج مردانه,Men Driving Shoes,men-driving-shoes,9476
10501,کفش کالج زنانه,Women Boat Shoes,women-boat-shoes,9365
10549,ساعت دستساز بومی و محلی,Native and Local Handmade Watches,native-and-local-handmade-watches,10174
10550,تخت خواب دستساز بومی و محلی,Native & Local Bed,native-and-local-bed,10179
10551,کمد دستساز بومی و محلی,Local Wardrobe,local-wardrobe,10174
10553,کتاب دانش نامه و دایره المعارف,Printed Book of Biography and Encyclopedia,printed-book-of-biography-and-encyclopedia,10486
10554,کتاب ریاضیات و علوم پایه,Printed book of Applied Sciences Technology and Engineering,applied-sciences-technology-and-engineering,10486
10556,کتاب تاریخ و جغرافیا,History and Geography Book,printed-history-and-geography-book,10486
10557,کتاب روانشناسی,Book of Philosophy and Psychology,printed-book-of-philosophy-and-psychology,10486
10558,کتاب کمک درسی و کنکور,Textbook Tutorials and Tests,textbook-tutorials-and-tests,10486
10559,کتاب زبان خارجی,Language Books,language-books,10486
10560,کتاب هنرهای دستی و سرگرمی,Printed Book of Art and Entertainment,printed-book-of-art-and-entertainment,10486
10561,کتاب دینی,Religious Printed Book,religious-printed-book,10486
10562,کتاب سیاسی و علوم اجتماعی,Printed Book of Social Sciences,printed-book-of-social-sciences,10486
10563,کتاب رمان و ادبیات داستانی و نمایشی,Printed Book of Poetry and Literature,printed-book-of-poetry-and-literature,10486
10564,آبمیوه طبیعی,Natural Juice,natural-juice,8907
10567,عود,Incense,incense-,6308
10571,افزودنی ها,افزودنی ها,condiments,8895
10572,غذا و مکمل حیوانات خانگی,غذا و مکمل حیوانات خانگی,pet-food,8895
10577,چاشنی‌های مایع ترش,چاشنی‌های مایع ترش,liquid-condiments,10571
10578,زعفران، زرشک و تزئینات غذا,زعفران، زرشک و تزئینات غذا,food-design,10571
10579,ادویه و چاشنی,ادویه و چاشنی,spices-seasonings,10571
10580,سس,سس,sauce,10571
10581,سبزی خشک و پودر جوانه,سبزی خشک و پودر جوانه,dried-vegetables-sprout-powder,10571
10582,زرشک,زرشک,barberries,10578
10583,خلال پسته,خلال پسته,pistachio-slices,10578
10584,خلال بادام,خلال بادام,almond-slices,10578
10585,پودر نارگیل,پودر نارگیل,coconut-powder,10578
10586,گل سرخ,گل سرخ,rosa-damascena,10578
10587,سایر تزئینات غذا,سایر تزئینات غذا,other-food-decorations,10578
10588,زیر لیوانی سنتی,Rural coaster,rural-coasters,10178
10589,اسماج,Smudge,smudge,6308
10590,جلیقه سنتی زنانه,Women Traditional Vest,women-traditional-vest,10385
10591,جلیقه سنتی مردانه,Men Traditional Vest,men-traditional-vest,10384
10592,کمربند دست‌دوز مردانه,Men Traditional Belts,men-traditional-belts,10372
10593,کمربند دست‌دوز زنانه,Women Traditional Belts,women-traditional-belts,10373
10594,پنیر,پنیر,cheese,9208
10595,پنیر پیتزا,پنیر پیتزا,pizza-cheese,10594
10596,پنیر خامه‌ ای,پنیر خامه‌ ای,cream-cheese,10594
10597,پنیر ورقه‌ ای,پنیر ورقه‌ ای,sheet-cheese,10594
10598,خامه,خامه,cream,9208
10599,خامه طعم‌ دار,خامه طعم‌ دار,flavored-cream,10598
10600,دوغ,دوغ,doogh,9208
10601,دوغ گازدار,دوغ گازدار,carbonated-dough,10600
10602,شیر,شیر,milk,9208
10603,شیر پرچرب,شیر پرچرب,full-fat-milk,10602
10604,شیر نیم چرب,شیر نیم چرب,semi-fat-milk,10602
10605,شیر طعم دار,شیر طعم دار,favored-milk,10602
10606,کره,کره,butter,9208
10608,ماست,ماست,yogurt,9208
10609,ماست پرچرب,ماست پرچرب,full-fat-yogurt,10608
10610,ماست طعم‌ دار,ماست طعم‌ دار,flavored-yogurt,10608
10611,کره حیوانی,کره حیوانی,animal-butter,10606
10612,فرآورده‌های منجمد و یخچالی,فرآورده‌های منجمد و یخچالی,frozen-food,8895
10613,سازهای صفحه کلیددار,Keyboard Instruments,keyboard-instruments,6153
10614,غذای نیمه آماده یخچالی و منجمد,غذای نیمه آماده منجمد,semi-frozen-food,10612
10615,میوه منجمد,میوه منجمد,frozen-fruit,10612
10616,سبزیجات و صیفی جات منجمد,سبزیجات منجمد,frozen-vegetables,10612
10618,محصولات بدون گلوتن,محصولات بدون گلوتن,gluten-free-products,10612
10619,صیفی جات,صیفی جات,cucurbits,9229
10620,میوه خردشده,میوه خردشده,chopped-fruit,9229
10621,شیرینی خشک,شیرینی خشک,sweets-dry,10150
10622,زولبیا و بامیه,زولبیا و بامیه,zoolbia-and-okra,10150
10623,کیک تازه,کیک تازه,fresh-cake,10150
10624,شیرینی خامه‌ ای,شیرینی خامه‌ ای,creamy-sweets,10150
10625,غذای آماده سرو,غذای آماده سرو,serve-ready-food,10125
10626,سالاد تازه,سالاد تازه,fresh-salad,10125
10627,پیش غذا,پیش غذا,appetizer,10125
10629,فرآورده‌های پروتئینی گیاهی,فرآورده‌های پروتئینی گیاهی,plant-protein-products,9218
10630,سازهای زهی,String ]nstruments,string-instruments,6153
10631,سازهای الکترونیک,Electronic Instruments,electronic-instruments,6153
10632,بادکنک و لوازم جانبی,Balloon,balloon,6254
10633,فرش,Carpets,carpets,6936
10634,گلیم و گبه,Rug and Gabbeh,rug-gabbeh,6936
10635,لوازم جانبی فرش و ابزار فرش,Accessories and Carpet Tools,accessories-carpet-tools,6936
10637,ظروف پخت و پز,Cooking Dishes,cooking-dishes,6227
10638,قابلمه و تابه,Pots and Pans,pots-pans,10637
10639,ابزار آشپزی,Cooking Tools,cooking-tools,6227
10640,قالب کیک و دسر,Cake and Dessert Molds,cake-dessert-molds,6257
10642,بند رخت و چوب لباسی,Clothes Hanger,clothes-hanger,6252
10643,سایر ابزار آشپزی,Other Cooking Utensils,other-cooking-utensils,10639
10644,زیر لیوانی، زیر بشقابی و زیر قابلمه ای,Coaster,coaster,6274
10645,دکوراسیون,Furniture and Decoration,furniture-decoration,6249
10646,ابزار سرو و پذیرایی,Serving and Catering Tools,serving-catering-tools,6254
10647,صندلی خانگی,Home Sofa and Chair,home-sofa-chair,8299
10648,میز و کنسول,Desk and Console,desk-console,8299
10649,نگهدارنده لباس و لوازم,Clothing and Accessories Holder,clothing-accessories-holder,8299
10650,مبل و صندلی اداری,Office Sofa and Chair,office-sofa-chair,8275
10651,پرده و ملزومات,Curtains and Accessories,curtains-accessories,6249
10652,قاب عکس و تابلو,Photo Frames and Paintings,photo-frames-paintings,6249
10653,کوسن، رومیزی و شال مبل,"Cushions, Tablecloths and Sofa Shawls",cushions-tablecloths-sofa-shawls,6249
10654,حمام,Bathroom,bathroom,6263
10655,لوازم بهداشتی - نظافتی سرویس بهداشتی,Sanitary Ware-Sanitation,sanitary-ware-sanitation,6264
10656,تجهیزات و قطعات سرویس بهداشتی,Sanitary Equipment and Parts,sanitary-equipment-parts,6264
10657,الکتریکی,Electrical Tools,electrical-tools,6394
10658,نور و روشنایی,Light and Brightness,light-brightness,6394
10659,تجهیزات ورزش های توپی,Ball Sports Equipment,ball-sports-equipment,6091
10661,شنا,Swimming,swimming,6107
10662,لباس و پوشش غواصی,Diving Suits and Clothing,diving-suits-and-clothing,8592
10664,تجهیزات جانبی غواصی,Diving Accessories,diving-accessories-,8592
10665,سلاح رزمی و وسایل تمرینی,Combat Weapons and Training Equipment,combat-weapons-and-training-equipment,6111
10666,پوشش های رزمی,Combat Covers,combat-covers,6111
10667,ورزش های سواری,Riding sports,riding-sports,6089
10668,اسکیت، اسکوتر، اسکیت برد,Skates Scooters Skateboards,skates-scooters-skateboards-skis,10667
10669,دستگاه های بدنسازی و هوازی,Fitness and Aerobic Machines,fitness-aerobic-machines,6112
10670,تجهیزات و لوازم بدنسازی و هوازی,Gym and Aerobic Equipment,gym-aerobic-equipment,6112
10672,تیر و کمان,Bow,bow-,9016
10674,پینت بال,Paintball,paintball-,9016
10676,دارت,Darts,darts-,9016
10678,حمام کودک و شست و شو,Baby Bath and Washing,baby-bath,6760
10679,بهداشت و سلامت کودک,Child Health,child-health,6760
10680,لوازم تعویض,Baby Cleaning Set,baby-cleaning-set,6760
10681,بازی ورزشی، حرکتی و فضای باز,Children's Play Equipment,children-play-equipment,6027
10684,لوازم و قطعات یدکی اسباب بازی,Toy Parts and Spare Parts,toy-parts-spare-parts,6027
10688,خودرو و موتورسیکلت,Vehicles and Spare Parts,vehicles-spare-parts,0
10690,لوازم و مصالح ساختمانی,Fittings and Construction,fittings-construction,8450
10691,ابزار برش و تراشکاری,Cutting and Turning Tools,cutting-turning-tools,6071
10692,ابزار سنباده زنی، رنده و پولیش,"Sanding, Planer and Polishing Tools",sanding-planer-polishing-tools,6071
10693,ابزار سوراخکاری و پیچاندن,"Drilling Tools, Screwdrivers and Ratchet Wrench",drilling-tools-screwdrivers-ratchet-wrench,6071
10694,ابزار نظافت,Cleaning Tools,cleaning-tools,6071
10695,ابزار اتصال و جوش,Connection and Welding,connection-welding,6071
10696,ابزار دمش و مکش,Blowing and Sucking,blowing-sucking,6071
10697,تجهیزات کارگاهی,Workshop,workshop,6063
10698,ماسک و لوازم جانبی ماسک,Masks and Mask Accessories,masks-mask-accessories,8241
10699,تجهیزات ساختمانی,Construction Equipment,construction-equipment,10690
10700,دستگاه های حمل و بالابر صنعتی,Industrial Transport and Lifting Machine,industrial-transport-lifting-machine,8743
10701,کاشت و پرورش گیاه,Planting Supplies,planting-supplies,6075
10703,ابزارآلات باغبانی,Gardening Tools,gardening-tools-,6075
10704,آرم و برچسب خودرو,Car Logo and Sticker,car-logo-sticker,8269
10706,تجهیزات ایمنی موتورسیکلت,Motorcycle Safety Equipment,motorcycle-safety-equipment-,10688
10707,ماگ,Mug,mug,6286
10708,لحاف,Coverlet,coverlet,6246
10709,روکش لحاف,Quilt Cover,quilt-cover,6246
10710,روتختی,Counterpane,counterpane,6246
10711,مداد رنگی,Color Pencil,color-pencil,5972
10713,جاکلیدی طلا,Gold Keychain,gold-keychain,11670
10716,جاکلیدی نقره,Silver Keychain,silver-keychain,11673
10720,محصولات بافتنی,Knitwear,knitwear,10174
10722,سرکه سفید,سرکه سفید,white-vinger,10577
10723,سرکه قرمز,سرکه قرمز,red-vinger,10577
10724,سرکه سیب,سرکه سیب,apple-vinger,10577
10725,سرکه بالزامیک,سرکه بالزامیک,balsamic-vinegar,10577
10726,آبغوره,آبغوره,verjuice,10577
10727,غذای آماده,غذای آماده,pre-cooked-meals,8896
10728,کنسرو حبوبات و سبزیجات,کنسرو حبوبات و سبزیجات,canned-beans-and-vegetables,8896
10731,لپه,لپه,cobs,10766
10732,کنسرو لوبیا,کنسرو لوبیا,canned-beans,10728
10733,عدس,Lentils,lentils,10766
10734,کنسرو عدس,کنسرو عدس,canned-lentils,10728
10735,کنسرو نخود,کنسرو نخود,canned-chicken-peas,10728
10736,نخود,Pea,pea,10766
10737,کنسرو ذرت,کنسرو ذرت,canned-corn,10728
10738,کنسرو نخود فرنگی,کنسرو نخود فرنگی,canned-green-peas,10728
10739,کنسرو بادمجان,کنسرو بادمجان,canned-eggplant,10728
10740,کنسرو سایر حبوبات و سبزیجات,کنسرو سایر حبوبات و سبزیجات,canned-other-beans-and-vegetables,10728
10742,ماش,Mung Bean,mung-bean,10766
10743,سویا,Soy,soy,10766
10744,نمک,نمک,salt,10579
10745,فلفل,فلفل,pepper,10579
10746,باقلا,Broad Bean,broad-bean,10766
10747,لیمو عمانی,لیمو عمانی,dried-lime,10579
10748,پیاز سرخ‌شده,پیاز سرخ‌شده,fried-onion,10579
10749,رب انار,Pomegranate Paste,pomegranate-paste,10768
10750,پودر سیر، موسیر و پیاز,پودر سیر، موسیر و پیاز,garlic-and-onion-powder,10579
10751,آویشن,آویشن,thymes,10579
10752,پودر سوخاری,پودر سوخاری,bread-crumbs,10579
10753,هل,هل,true-cardamom,10579
10754,دارچین,دارچین,cinnamon,10579
10755,زنجبیل,زنجبیل,ginger,10579
10756,سایر ادویه و چاشنی‌ها,سایر ادویه و چاشنی‌ها,other-spices-and-condiments,10579
10757,شکلات و فرآورده‌های کاکائویی,شکلات و فرآورده‌های کاکائویی,chocolate-and-cocoa-products,8898
10759,شکلات,شکلات,chocolates,10757
10760,شکلات سفید,شکلات سفید,white-chocolate,10757
10761,شکلات تلخ,شکلات تلخ,dark-chocolate,10757
10762,سایر فرآورده‌های کاکائویی,سایر فرآورده‌های کاکائویی,other-cocoa-products,10757
10763,اسمارتیز,اسمارتیز,smarties,10757
10764,کینوا,Quinoa,quinoa,10766
10765,دراژه,دراژه,dragee,10757
10766,حبوبات و سویا,Cereals and Soy,cereals-soy,8899
10767,انواع بار و تنقلات مغذی,انواع بار و تنقلات مغذی,a-variety-of-loads-and-nutritious-snacks,8898
10768,انواع رب,Types of Paste,types-paste,8899
10769,شکر,Sugar,sugar,8899
10770,سایر رب‌ها,Other Paste,other-paste,10768
10771,شکر قهوه‌ای و سرخ,Brown and Red Sugar,brown-red-sugar,10769
10772,غلات,Cereals-,cereals,8899
10773,گندم,Wheat,wheat,10772
10774,جو,Barley,barley,10772
10775,شور و ترشیجات,شور و ترشیجات,salts-and-pickles,8895
10776,سس گوجه فرنگی,سس گوجه فرنگی,tomato-sauce,10580
10777,سس فلفل,سس فلفل,pepper-sauce,10580
10778,خیارشور,خیارشور,pickle,10775
10779,سس خردل,سس خردل,mustard,10580
10780,سس فرانسوی,سس فرانسوی,french-sauce,10580
10782,سس هزار جزیره,سس هزار جزیره,thousand-island-dressing,10580
10783,زیتون,زیتون,olives,10775
10784,سایر سس‌ها,سایر سس‌ها,other-sauces,10580
10786,زیتون بدون هسته,زیتون بدون هسته,olives-without-kernels,10783
10787,زیتون پرورده,زیتون پرورده,preserved-olive,10783
10789,شور,شور,salties,10775
10790,انواع سبوس,Types of Bran,types-bran,10772
10791,حلوا شکری، ارده و کنجد,حلوا شکری، ارده و کنجد,halva-arde-sesame,8915
10792,پودر خمیر,Dough and Pastry Powder,dough-pastry-powder,10772
10793,ارده,ارده,ardeh,10791
10794,کنجد,کنجد,sesame,10791
10795,کرم کنجد,کرم کنجد,sesame-cream,10791
10796,شیره,شیره,shireh,8915
10797,نشاسته,Starch,starch,10772
10798,سایر فرآورده‌های کنجدی,سایر فرآورده‌های کنجدی,other-sesame-products,10791
10799,ذرت,Corn,corn,10772
10800,قند و نبات,Sugar and Candy,sugar-candy,8899
10801,دانه چیا,Chia Seeds,chia-seeds,10772
10802,تخم کتان,Flaxseed,flaxseed,10772
10804,نبات,Candy,candy,10800
10805,غلات صبحانه,غلات صبحانه,breakfast-cereal,8915
10806,نقل و شکرپنیر,Sugar Candy,traditional-candy,10800
10807,میوسلی (موسلی),میوسلی (موسلی),musli,10805
10808,قند رژیمی,Dietary Sugar,dietary-sugar,10800
10809,کورن فلکس,کورن فلکس,cornflakes,10805
10810,نعناع خشک,نعنا خشک,dried-mint,10581
10812,شوید خشک,شوید خشک,dried-dill,10581
10814,جعفری خشک,جعفری خشک,dried-parsley,10581
10817,خوشبوکننده دهان,خوشبوکننده دهان,breath-fresheners,8898
10818,ماکارونی، پاستا، نودل و رشته,Pasta and Noodles,pasta-noodles,8899
10819,شنبلیله خشک,شنبلیله خشک,dried-fenugreek,10581
10820,سبزی خشک قرمه سبزی,سبزی خشک قرمه سبزی,ghormeh-sabzi-dried-vegetables,10581
10821,سبزی خشک آش,سبزی خشک آش,aush-dried-vegetables,10581
10822,سایر سبزی‌های خشک,سایر سبزی‌های خشک,other-dried-vegetables,10581
10823,پاستا,Pasta,pasta,10818
10824,لازانیا,Lasagna,lasagna,10818
10825,ورمیشل و رشته سوپ,Vermicelli and Noodle Soup,vermicelli-noodle-soup,10818
10826,نودل,Noodles,noodles,10818
10827,رشته آشی و پلویی,Rice Macaroni,rice-macaroni,10818
10829,روغن ذرت,Corn Oil,corn-oil,10830
10830,روغن,Oil,oil,8899
10831,روغن مایع کانولا و کلزا,Liquid Canola and Rapeseed Oil,liquid-canola-rapeseed-oil,10830
10832,روغن مایع سرخ کردنی,Frying Liquid Oil,frying-liquid-oil,10830
10833,روغن جامد و نیمه جامد گیاهی,Solid and Semi-Solid Vegetable Oils,solid-semi-solid-vegetable-oils,10830
10834,روغن حیوانی,Animal Oil,animal-oil,10830
10835,روغن زیتون,Olive Oil,olive-oil,10830
10836,روغن کنجد,Sesame Oil,sesame-oil,10830
10837,سایر روغن‌ها,Other Oil,other-oil,10830
10838,برنج خارجی,Non Iranian Rice,non-iranian-rice,10840
10840,برنج,Rice,rice,8899
10841,نوشابه,Soft Drinks,soft-drink,8907
10842,نوشابه پرتقالی,نوشابه پرتقالی,orange-soft-drinks,10841
10843,آجیل,آجیل,nuts,8897
10844,نوشابه لیمویی,نوشابه لیمویی,limon-soft-drinks,10841
10845,گز، سوهان و پولکی,گز، سوهان و پولکی,gaz-sohan-polaki,8897
10846,نوشابه زیرو,نوشابه زیرو,zero-soft-drinks,10841
10847,سایر نوشابه‌ها,سایر نوشابه‌ها,other-soft-drinks,10841
10849,ماءالشعیر,Non Alcoholic Beer,non-alcoholic-beer,8907
10850,ماءالشعیر مالت,ماءالشعیر مالت,malt-non-alcoholic-beer,10849
10851,ماءالشعیر استوایی و گرمسیری,ماءالشعیر استوایی و گرمسیری,tropical-non-alcoholic-beer,10849
10852,میوه خشک,میوه خشک,dried-fruit,8897
10853,سایر ماء‌الشعیرها,سایر ماء‌الشعیرها,other-non-alcoholic-beers,10849
10854,آب و آب معدنی,Mineral Water,water,8907
10855,کشمش و مویز,کشمش و مویز,raisins,8897
10857,پشمک، مسقطی و باسلوق,پشمک، مسقطی و باسلوق,cotton-candy-masghati-basloq,8897
10859,دسر,دسر,dessert,8897
10860,آب گازدار,Sparkling water,sparkling-water,10854
10861,تخمه,تخمه,seeds,10843
10862,پسته,پسته,pistachio,10843
10863,بادام,بادام,almond,10843
10864,بادام هندی,بادام هندی,cashew,10843
10865,بادام زمینی,بادام زمینی,peanuts,10843
10866,گردو,گردو,walnut,10843
10867,انجیر,انجیر,fig,10843
10868,فندق,فندق,hazelnuts,10843
10869,آجیل چهار مغز,چهار مغز,four-nuts,10843
10870,سایر آجیل‌ها,سایر آجیل‌ها,other-nuts,10843
10871,عرقیات و گلاب,"Distillates,Rosewater",distillates-rosewater,8907
10872,عرق نعناع,عرق نعنا,mint-syrup,10871
10873,گلاب,گلاب,golab,10871
10874,شربت و آبمیوه,Syrup and juice,syrup-juice,8907
10875,شربت,Syrup,sirup,10874
10876,نکتار,Nectar,nectar,10874
10877,آبمیوه گازدار,Carbonated juice,carbonated-juice,10874
10879,سیروپ,Syrup,syrup,10874
10880,کشمش پلویی,کشمش پلویی,raisins-for-rice,10855
10881,خاکشیر و تخم شربتی,Sorghum and egg syrup,sorghum-egg-syrup,10874
10882,موکتل,Moktel,moktel,10874
10883,کشمش سبز,کشمش سبز,green-raisins,10855
10884,سایر کشمش‌ها,سایر کشمش‌ها,other-raisins,10855
10885,مویز,مویز,currant,10855
10886,نوشیدنی غیر لبنی,Non-dairy drinks,non-dairy-drinks,8907
10887,پودر کیک و شیرینی,پودر کیک و شیرینی,cake-powder,10859
10888,نوشیدنی‌های گرم,Warm drinks,warm-drinks,8895
10889,پودر کاکائو,پودر کاکائو,cacao-powder,10859
10890,پودینگ,پودینگ,pudding,10859
10891,کارامل,کارامل,creme-caramel,10859
10892,سایر دسرها,سایر دسرها,other-desserts,10859
10894,چای,Tea,tea,10888
10895,چای سیاه کیسه‌ای,Black Tea Bag,black-tea-bag,10894
10896,چای سبز,Green Tea,green-tea,10894
10897,چای سبز کیسه‌ای,Green Tea Bag,green-tea-bag,10894
10898,چای ماسالا,Masala tea,masala-tea,10894
10899,چای ماچا,Macha Tea,macha-tea,10894
10900,چای میوه‌ای,Fruit Tea,fruit-tea,10894
10902,قهوه,Coffee,coffee,10888
10903,قهوه ترک,Turk coffee,turk-coffee,10902
10904,کپسول قهوه,Coffee capsules,coffee-capsules,10902
10905,دانه قهوه,coffee bean,coffee-bean,10902
10906,قهوه عربیکا,Arabic Coffee,arabic-coffee,10902
10907,قهوه فرانسه,French Coffee,french-coffee,10902
10909,قهوه دمی چکه‌ای,قهوه دمی چکه‌ای,drip-coffee,10902
10910,سایر قهوه‌ها,Other Coffees,other-coffees,10902
10911,قهوه فوری,instant coffee,instant-coffee,10888
10912,کافی میکس,Coffee Mix,coffee-mix,10911
10913,قهوه لاته,Latte Coffee,latte-coffee,10911
10914,کافی میت,coffee Mate,coffee-mate,10911
10915,هات چاکلت,hot chocolate,hot-chocolate,10888
10916,کاپوچینو,Cappuccino,cappuccino,10888
10917,کانتور,کانتور,contouring,6470
10918,هایلایتر,هایلایتر,highlighter,6470
10919,آرایش ابرو,آرایش ابرو,eyebrow-cosmetics,5700
10920,ریمل ابرو,ریمل ابرو,eyebrow-mascara,10919
10921,تقویت‌کننده ابرو,تقویت‌کننده ابرو,eyebrow-growth-booster,10919
10922,تینت لب,Lip Tint,lip-tint,6471
10923,رنگ ابرو,رنگ ابرو,eyebrow-color,10919
10924,موس مو,موس مو,hair-mousse,6511
10925,محصولات آرایشگاهی,Salon Products,salon-products,9844
10926,شانه مو,شانه مو,comb,9844
10927,موچین,موچین,tweezers,9844
10928,قیچی ابرو,قیچی ابرو,eyebrow-scissors,9844
10929,تیغ ابرو,تیغ ابرو,eyebrow-razor,9844
10930,تراش آرایشی,تراش آرایشی,cosmetic-pencil-sharpener,9844
10931,تقویت‌کننده مژه,تقویت‌کننده مژه,eyelash-enhancer,6464
10932,دئودورانت,دئودورانت,deodorant,6522
10933,کرم ترک پا,کرم ترک پا,foot-care,6657
10934,تامپون,تامپون,tampon,10030
10935,بهداشت جنسی,بهداشت جنسی,sexual-health,5824
10936,سایر محصولات بهداشت جنسی,سایر محصولات بهداشت جنسی,sexual-health-products,10935
10940,تونر,تونر,face-toner,6486
10941,عطر و ادکلن زنانه,عطر و ادکلن زنانه,women-perfume,6162
10942,بادی اسپلش,بادی اسپلش,body-splash,6162
10943,عطر و ادکلن کودکان,عطر و ادکلن کودکان,kids-perfume,6162
10944,عطر و ادکلن مردانه و زنانه,عطر و ادکلن مردانه و زنانه,women-men-perfume-cologne,6162
10945,ست عطر و ادکلن,ست عطر و ادکلن,perfumes-colognes-pack,6162
10951,اکسسوری مو مردانه,اکسسوری مو مردانه,men-hair-accessories,9487
10956,تابلو آینه,Tableau Mirror,tableau-mirror,6249
10957,زیورآلات طلا نوزاد,Baby gold jewelry,baby-gold-jewelry,9620
10962,پرایمر,Primer,primer,6470
10963,ساعت تزئینی,Decorative Clock,decorative-clock,6249
10964,ساعت شنی,Sand Clock,sand-clock,10963
10965,ساعت رومیزی,Desk Clock,desk-clock,10963
10966,تجهیزات معاینه پزشکی,Medical Examination Equipment,medical-examination-equipment,8573
10968,دستکش‌های طبی,Medical Gloves,medical-gloves,11282
10969,تزریقات,Injections,injections,5702
10970,لوازم پزشکی مصرفی عمومی,Medical supplies for general use,medical-supplies-for-general-use,11282
10971,زیرانداز بهداشتی,sanitary pad,sanitary-pads,11298
10972,چسب و نخ بخیه,Glue-and-suture-thread,glue-stitches,5702
10973,باند طبی,medical-band,medical-band,11291
10974,پد طبی,medical pad,medical-pad,11291
10975,استومی,Ostomy,ostomy,5702
10976,بی بی چک,Baby check,baby-check,11301
10977,تشک مواج,Wavy Mattress,wavy-mattress,5702
10978,کفش پرشی کانگو جامپ,Kangoo Jump Shoes,kangoo-jump-shoes,10670
10979,قطعات و تجهیزات آفرود,Off Road accessories,offroad-accessories,10688
10981,گل سینه طلا بچگانه,Kids Gold breasts,kids-gold-breasts,11134
10982,گردنبند طلا بچگانه,Kids gold necklace,kids-gold-necklace,11134
10983,زنجیر طلا بچگانه,Kids Gold chains,kids-gold-chains,11134
10984,لوازم تم عکاسی کودک,Baby Photography Theme Accessories,baby-photography-theme-accessories,6741
10987,چاقو,Knife,cooking-knife,10639
10988,سنگ زینتی,Ornamental stone,ornamental-stone,9534
10989,پولوشرت زنانه,Women Polo Shirt,women-polo-shirt,9282
10990,شلوارک راحتی زنانه,Womens Comfort Shorts,womens-comfort-shorts,9295
10991,شلوارک راحتی مردانه,Men's Comfort Shorts,mens-comfort-shorts,9442
10992,ساق مردانه,Men's Support,mens-support,9435
10993,مانتو، وست و رویه زنانه,manto,women-manto,9283
10994,وست زنانه,Women West,women-west,10993
10995,مانتو کتی زنانه,Womens Coat Manto,women-coat-manto,10993
11000,مسواک کودک,Baby Toothbrush,baby-toothbrush,10679
11001,کیف پول سخت افزاری,Hardware wallet,hardware-wallet,22
11002,کمپرسور باد,Air Compressor,air-compressor,10696
11003,عطاری,Herbal,herbal,10170
11004,جاجیم,Jajim,jajim,6466
11006,لوازم بدنه خودرو,Car Body Accessories,car-body-accessories,8182
11007,لوازم جلوبندی و تعلیق,Front And Suspension Accessories,front-suspension-accessories,8182
11008,لوازم برقی و الکترونیکی خودرو,Car Electronics,car-electronics,8182
11009,لوازم مکانیکی,Mechanical Mquipment,mechanical-equipment,8182
11010,قطعات سرویس دوره ای,Periodic Service Parts,periodic-service-parts,8182
11011,هویه,Soldering System,soldering-system,10695
11012,آچار و انبر,Wrench and Pliers,wrench-pliers,6072
11013,زنگ و دربازکن,Bell and Door Opener,bell-door-opener,8099
11015,لوازم آتشنشانی,Fire Fighting Equipment,fire-fighting-equipment-,8241
11018,مواد غذایی,Food,food,11003
11019,غیر خوراکی,Non Food,non-food,11003
11020,استابیلایزر و گیمبال,stabilizer and gimbal,stabilizer-gimbal,51
11021,لباس دخترانه و پسرانه,Unikids Clothes,unikids-clothes,10012
11022,کفش دخترانه و پسرانه,Unikids Footwear,unikids-footwear,10012
11023,اکسسوری دخترانه و پسرانه,Girls and Boys Accessories,unikids-accessories,10012
11024,نوار لبه پی وی سی,PVC Tape,pvc-tape,8113
11025,تخم طیور,Bird Aggs,bird-aggs,11026
11026,تخم پرندگان,Birds Aggs,birds-aggs,9218
11027,در بطری,Bottle Cap,bottle-cap,6300
11028,کانکس,Conex,conex,8743
11029,خشکبار و آجیل سنتی,Dried Fruits and Nuts,dried-fruits-nuts,11018
11030,عرقیات و گلاب محلی,Herbal Spirits and Rose Water,herbal-spirits-rose-water,11018
11031,ادویه و چاشنی ارگانیک,Seasoning and Spices,seasoning-spices,11018
11032,نوشیدنی‌های ارگانیک,Herbal Hot Drink,herbal-hot-drink,11018
11036,غلات و حبوبات ارگانیک,Cereals and Legumes,cereals-legumes,11018
11037,ترشیجات و شور خانگی,Pickles and Salt,pickles-salt,10318
11038,شیرین کننده و نبات ارگانیک,Sweeteners and Sweets,sweeteners-sweets,11018
11039,سبزی‌های معطر,The Vegetables,the-vegetables,11018
11040,نان و رشته محلی,Bread and Noodles,bread-noodles,10318
11041,مراقبت پوست,Skin Care Products,skin-care-products,11019
11043,مواد خام و معدنی,Minerals,minerals,8743
11044,البسه طبی و پزشکی,medical clothes,medical-clothes,5702
11045,پولوشرت دخترانه,GIRLS POLOS,girls-polos,9626
11046,پولوشرت پسرانه,BOYS POLOS,boys-polos,9749
11047,پولوشرت نوزاد,KIDS POLOS,kids-polos,9563
11048,سرهمی پسرانه,BOYS JUMPSUITS,boys-jumpsuits,9749
11051,شلوار نوزاد,KIDS PANTS,kids-pants,9563
11052,تجهیزات امنیتی و نظارتی,Security and surveillance equipment,security-and-surveillance-equipment,5966
11053,کارت هدیه الکترونیکی,e-gift,e-gift,10061
11054,میوه و گل تزئینی,Decorative Fruit and Flowers,decorative-fruit-flowers,6308
11055,قلک,Piggy Bank,piggy-bank,6308
11056,ست سطل و جای دستمال,Waste Bin and Tissue Box Set,waste-bin-tissue-box-set,6308
11057,بادبزن,Hand Fan,hand-fan,6308
11059,روغن های مراقبت پوست,Skin Care Oils,skin-care-oils,11041
11060,ژل و صابون ابرو,Eyebrow Gel and Soap,eyebrow-gel-and-soap,10919
11061,نرم‌ کننده مو,Hair Conditioner,hair-conditioner,6655
11063,تست خانگی,Home Test Kit,home-test-kit,11301
11064,ابر، اسفنج و فنر مبلمان,Furniture Sponge,furniture-sponge,8743
11065,لوازم جانبی کیف پول سخت افزاری,Hardware wallet accessories,hardware-wallet-accessories,22
11068,ماساژور,massager,massagers,5702
11069,ماشین آلات صنعتی,Industrial Machinery,industrial-machinery,8743
11071,دستگیره در و یراق آلات,Door Accessories,door-accessories,8337
11072,ماساژور دستی,Manual massager,manual-massager,11068
11073,صندلی ماساژور,Massage Chair,massage-chair,11068
11076,غذا و مکمل حیوانات,Pet Food Supplements,pet-food-supplements,8719
11078,یونجه و غذای جوندگان,Rodents Food and Alfalfa,rodents-food-alfalfa,11082
11079,تشویقی جوندگان,Rodents Food Rewards,rodents-food-rewards,11082
11080,مکمل و تقویتی جوندگان و اسب,Rodents and horses Supplement,rodents-supplement,11082
11081,سنگ کلسیم و بلوک جوندگان,Rodents Calcium Stone and Block,rodents-calcium-stone-block,11082
11082,غذای جوندگان و اسب,Rodents and horses Food,rodents-food,11076
11083,غذای پرندگان,Birds Food,birds-food,11076
11084,غذا و دانه پرندگان,Bird Food and Seed,bird-food-seed,11083
11085,تشویقی پرندگان,Bird Food Rewards,bird-food-rewards,11083
11086,مکمل و تقویتی پرندگان,Bird Supplement,bird-supplement,11083
11087,سنگ کلسیم و بلوک پرندگان,Bird Calcium Stone Block,bird-calcium-stone-block,11083
11089,غذای خشک گربه,Cat Dry Food,cat-dry-foods,11090
11090,غذای گربه,Cat foods,cat-foods,11076
11091,غذای مرطوب، کنسرو و پوچ گربه,Cat Wet Food and Pouch,cat-wet-food-pouch,11090
11092,تشویقی گربه,Cat Food Rewards,cat-food-rewards,11090
11093,مالت و مکمل تقویتی گربه,Cat Supplements and Malt,cat-supplements-and-malt,11090
11095,غذای سگ,Dog Food,dog-food,11076
11096,غذای خشک سگ,dog-dry-food,dog-dry-food,11095
11097,غذای مرطوب، کنسرو و پوچ سگ,Dog Wet Food and Pouch,dog-wet-food-and-pouch,11095
11098,مکمل و مولتی ویتامین سگ,Dog Supplements,dog-supplements,11095
11106,لوازم سفر,Travel Equipment,travel-equipment,6020
11107,لوازم کمپینگ,Camping Equipment,camping-equipment,6020
11108,تجهیزات اسکان,Accommodation Equipment,accommodation-equipment,11107
11109,اجاق و ظرف سفری,Camping Kitchen,camping-kitchen,11107
11110,تجهیزات کمپینگ,Camping Accessories,camping-accessories,11107
11112,تمام سکه طلا,Full Gold Coin,gold-coin,11437
11115,ورزشی دخترانه,Girls Sport,girls-sport,9625
11116,ورزشی پسرانه,Boys Sports,boys-sports,9748
11117,عینک مردانه,Men Eyewear,man-eyewear,9487
11118,فریم عینک طبی مردانه,Men Eyewear Frames,men-eyewear-frames,11117
11120,عینک زنانه,Women Eyewear,woman-eyewear,9380
11121,فریم عینک طبی زنانه,Women Eyewear Frames,women-eyewear-frames,11120
11122,عینک زنانه و مردانه,Unisex Eyewear,unisex-eyewear,9534
11123,فریم عینک طبی زنانه و مردانه,Unisex Eyewear Frames,unisex-eyewear-frames,11122
11125,بخورات,Traditional Incense,traditional-incense,11019
11126,عنبرنسا,Anbarnesara,anbarnesara,11125
11127,کیف و کاور هدفون,Headphone cover,headphone-cover,12
11128,جتمارت بهداشت شخصی,PC-Jetmart,pc-jetmart,10284
11129,سکه و شمش نقره,Silver Bullion,silver-bullion,11135
11132,جانبی خودرو,Car Accessory,car-accessory,6175
11133,زیورآلات طلا,Gold Jewelry,gold-jewelry,11382
11134,زیورآلات طلا بچگانه,Kids Gold Jewelry,kids-gold-jewelry,11133
11135,مجموعه شمش و پلاک طلا و نقره,Gold and Silver Bullion Collection,gold-bullion-collection,11435
11137,میوه خشک بومی,Dried Fruits,dried-fruits,11029
11140,حافظه SSD اکسترنال,External SSD,external-ssd,22
11141,دستگاه‌های هوازی,Exercise Equipment,exercise-equipment,10669
11142,ورزش های زمستانی,Winter Sports,winter-sports,6089
11144,لباس ورزشی مردانه,Men Sportwear,men-sport-wear,6816
11145,لباس ورزشی زنانه,Women Sportwear,women-sport-wear,6816
11147,لباس ورزشی تخصصی,Professional Sportswear,professional-sportswear,6816
11148,اسکارف ورزشی,Sport Scarf,sport-scarf,6875
11149,یخچال خودرو,Car Refrigerator,car-refrigerator,8356
11150,لگینگ ورزشی زنانه,Women Sport Leggings,women-sport-leggings,9334
11151,موتورسیکلت اقساطی,Motorcycle Pay In Installment,motorcycle-pay-in-installment,10688
11152,پولوشرت ورزشی زنانه,Women Sport Polo Shirt,women-sport-polo-shirt,9334
11153,پولوشرت ورزشی مردانه,Men Sport Polo Shirt,men-sport-polo-shirt,9457
11154,ست تی‌شرت و شلوارک ورزشی مردانه,Men Sport Set,men-sport-set,9457
11171,ساک سفری,Duffles and Gym Bags,duffles-and-gym-bags,11106
11172,میز و صندلی سفری,Camping Chairs and Tables,camping-chairs-and-tables,11108
11176,قهوه‌ساز و اسپرسوساز سفری,Portable Coffee and Espresso Maker,portable-coffee-and-espresso-maker,11110
11177,اکسسوری ساک و چمدان,Suitcase Accessories,suitcase-accessories,11106
11181,قمقمه و شیکر ورزشی,Sport Water Bottle and Shaker,sport-water-bottle-and-shaker,10670
11183,منگنه,Stapler-Machine,stapler-machine,5974
11184,پوشه,Folder,folder,5974
11185,مچ بند ورزشی,Sport Wrist Band,sport-wrist-band,6875
11186,تراول ماگ,Travel Mug,travel-mug,11110
11188,گیفت کارت اپلیکیشن و نرم افزار,Application and software giftcard,application-and-software-giftcard,10061
11189,گیفت کارت فیلم و سریال,Movie and series giftcard,movie-and-series-giftcard,10061
11190,گیفت کارت فروشگاه آنلاین,Online shop giftcard,online-shop-giftcard,10061
11191,گیفت کارت بازی,Game giftcard,game-giftcard,10061
11192,گیفت کارت پلتفرم‌های بازی,Gaming platforms giftcard,gaming-platforms-giftcard,11191
11193,گیفت کارت پرداخت‌های درون بازی,In-game payments giftcards,in-game-payments-giftcard,11191
11195,مکمل ورزشی,sports and fitness supplements,sports-and_fitness-supplements,10119
11196,مکمل غذایی,Nutritional Supplements,nutritional-supplements,10119
11197,آمینو اسید,Amino Acid,amino-acid,11195
11198,کراتین,Keratin,keratin,11195
11199,مکمل افزایش وزن,Weight Gain Supplement,weight-gain-supplement,11195
11200,مکمل کاهش وزن,Weight Loss Supplement,weight-loss-supplement,11195
11201,مکمل انرژی زا,Energy Supplement,energy-supplement,11195
11202,مکمل کودک و نوزاد,Child Supplement,child-supplement,11196
11205,مکمل غذایی کودک,Children's Nutritional Supplements,nutritional-supplement,11202
11207,مکمل بهداشت و سلامت جنسی,Sexual Hygiene Health Supplements,sexual-hygiene-health,11208
11208,مکمل کمک درمانی,Complementary Therapy,complementary-therapy,11196
11209,مکمل اعصاب و روان,Neurology and Psychiatry Supplements,neurology-psychiatry,11208
11210,مکمل بینایی,Vision Supplement,vision-supplement,11208
11211,مکمل پوست، مو و ناخن,"Supplement for Skin, Hair and Nails",supplement-skin-hair-nails,11208
11212,مکمل ترک اعتیاد,Addiction Treatment Supplements,addiction-treatment-drugs,11208
11213,مکمل تسکین درد,Pain Relief Supplements,pain-relief,11208
11214,مکمل سیستم ایمنی,Immune System Supplements,immune-system,11208
11215,مکمل سرماخوردگی و آنفلوانزا,Cold and Flu Supplements,colds-allergies,11208
11216,مکمل سیستم تنفسی و آلرژی,Respiratory System and Allergy Supplements,breathing-system,11208
11217,مکمل سیستم گوارش,Digestive System Supplements,digestive-system,11208
11218,مکمل قلب و عروق,Cardiovascular Supplements,cardiovascular,11208
11219,مکمل کلیه و مجاری ادرار,Kidney and Urinary Tract Supplements,kidney-urinary-tract,11208
11220,مکمل کنترل قند خون,Blood Sugar Control Supplements,blood-sugar-control,11208
11221,مکمل مفاصل و استخوان,Joints and Bones Supplements,joints-bones,11208
11222,پافر زنانه,Women Puffer Vest,women-puffer-vest,9315
11224,النگو طلا زنانه,women gold bangle,women-gold-bangle,9387
11225,طلای آب شده,Melt Gold,melt-gold,11436
11226,پالت رنگ مو,Hair Color Kit Palette,hair-color-kit-palette,6511
11227,تجهیزات سوارکاری و بهداشت و مراقبت اسب,Riding Accessories & Horse Health and Care,riding-accessories-horse-health-and-care,10667
11228,بهداشت، مراقبت و نگهداری اسب,Horse Health and Care,horse-health-and-care,11227
11229,مشعل گازی,Gas Burner,gas-burner,5855
11230,اندروید باکس,Android Box,android-box,5920
11232,سیمان,Cement,cement,10690
11233,پافر مردانه,Men Puffer Vest,men-puffer-vest,9449
11234,میلگرد,Rebar,rebar,10690
11235,عینک هوشمند,Smart Glass,smart-glass,4
11236,ست لباس روزمره زنانه,Women casual clothing set,women-casual-clothing-set,9282
11237,زالو,Leech,leech,11041
11240,برچسب,Sticker,paper-sticker,5975
11241,تیرآهن,Girder,girder,10690
11242,طلای کم اجرت,Economic Gold,economicgold,11133
11243,دستبند طلای دست اول کم اجرت زنانه,WOMEN Economic Gold Bracelet,women-economic-gold-bracelet,11242
11244,گردنبند طلای دست اول کم اجرت زنانه,WOMEN Economic Gold Necklace,women-economic-gold-necklace,11242
11245,النگو طلای دست اول کم اجرت زنانه,women Econiomic gold bangle,women-economic-gold-bangle,11242
11246,گوشواره طلای دست اول کم اجرت زنانه,WOMEN Economic Gold Earrings,women-economic-gold-earrings,11242
11247,انگشتر طلای دست اول کم اجرت زنانه,WOMEN Economic Gold Ring,women-economic-gold-ring,11242
11249,کنترل دیابت,Diabetes control,diabetes-control,8573
11250,نوار تست قند خون,Blood sugar test strip,blood-sugar-test-strip,11249
11251,سوزن تست قند خون,Blood sugar test needle,blood-sugar-test-needle,11249
11252,سرنگ انسولین,Insulin syringe,insulin-syringe,11249
11253,کیف خنک نگه دارنده انسولین,Insulin cooler bag,insulin-cooler-bag,11249
11254,تجهیزات پزشکی تنفسی,Respiratory medical equipment,respiratory-medical-equipment,8573
11255,تجهیزات کمک تنفسی,Respiratory support equipment,respiratory-support-equipment,11254
11256,تجهیزات پزشکی حرفه ای,Professional medical equipment,professional-medical-equipment,8573
11257,دستگاه رگ یاب,Vein Finder,vein-finder,11256
11258,دستگاه تنس,TENS,tens,11256
11259,اسپکولوم,Speculum,speculum,11256
11260,استپلر پوستی,Skin stapler,skin-stapler,11256
11261,تیغ جراحی,Surgical Blade,surgical-blade,11256
11262,سیفتی باکس,Safety Box,safety-box,11256
11264,لوازم پزشک,Doctor supplies,doctor-supplies,8573
11265,گوشی پزشکی,Stethoscope,stethoscope,11264
11266,توانبخشی,Rehabilitation tool,rehabilitation-tool,6891
11267,واکر,Walker,walker,11266
11268,دستگیره کمکی,Assistive handle,assistive-handle,11266
11269,لوازم جانبی پزشکی,Medical accessories,medical-accessories,8573
11270,جعبه کمک های اولیه,First aid box,first-aid-box,8573
11271,سلامت محیط,Environmental health,environmental-health,8573
11272,آتل,Splint,splint,6891
11273,آتل پا,leg splint,leg-splint,11272
11274,آتل انگشت,finger splint,finger-splint,11272
11275,لوازم شکسته بندی,Breakdown equipment,breakdown-equipment,11272
11276,ساپورت های طبی,Medical supports,medical-supports,6891
11277,شانه بند طبی,Medical shoulder strap,medical-shoulder-strap,11276
11278,کمربند طبی,Medical belts,medical-belts,11276
11279,قوزبند طبی,Hump Corrector Brace,hump-corrector-brace,11276
11280,آرنج بند طبی,Medical elbow brace,medical-elbow-brace,11276
11281,کالای خواب طبی,sleep medical,sleep-medical,5702
11282,لوازم پزشکی مصرفی,Consumable medical supplies,consumable-medical-supplies,5702
11283,سوند و کتترهای ادراری,catheters,catheter,11282
11286,تزریقات,Injections,injection,11282
11287,سرنگ,Syringe,syringe,11286
11288,سر سوزن,Needle,needle,11286
11289,آنژیوکت,Angioket,angioket,11286
11290,ست سرم,Serum Set,serum-set,11286
11291,پانسمان,Bandage,bandage,11282
11292,گاز طبی,medical gas,medical-gas,11291
11293,چسب پانسمان,Dressing adhesive,dressing-adhesive,11282
11294,چسب بینی,nose tape,nose-tape,11293
11295,چسب زخم,band aids,band-aids,11293
11296,چسب کمر,waist tape,waist-tape,11293
11297,ضد عفونی کننده زخم,Wound antiseptic,wound-antiseptic,11282
11298,محصولات سلولزی طبی,Medical cellulose products,medical-cellulose-products,11282
11299,ملحفه یکبار مصرف,Disposable sheets,disposable-sheets,11298
11300,حوله یکبار مصرف,Disposable towel,disposable-towel,11298
11301,کیت تشخیص,Diagnostic kit,diagnostic-kit,11282
11302,روپوش,robe,robe,11303
11303,البسه بیمارستانی,Hospital clothes,hospital-clothes,11282
11304,پاپوش,clogs,clogs,11303
11305,پیش بند پزشکی,Medical apron,medical-apron,11303
11306,کاور آستین,sleeve cover,sleeve-cover,11303
11307,کلاه پزشکی,medical cap,medical-cap,11303
11308,تجهیزات دندانپزشکی,Dental Equipment,dental-equipment,5702
11309,تجهیزات تخصصی دندانپزشکی,Specialized dental equipmen,specialized-dental-equipmen,11308
11310,لوازم مصرفی و تجهیزات تخصصی دندانپزشکی,Consumables and specialized dental equipment,consumables-specialized-dental-equipment,11309
11311,تجهیزات عمومی دندانپزشکی,General dental equipment,general-dental-equipment,11308
11313,دستگاه دندانپزشکی,Dental devices,dental-device,11311
11314,بنگل طلا زنانه,Women Gold Bangles,women-gold-bangles,9387
11315,ست حلقه طلا زنانه و مردانه,Unisex Gold Ring Sets,gold-ring-sets,9921
11316,آزمایشگاهی,laboratory,laboratory,11282
11317,مصرفی آزمایشگاهی,Laboratory use,laboratory-use,11282
11318,گارو کشی,Tourniquets,tourniquets,11286
11319,پنس,Pence,pence,11264
11320,نگاتوسکوپ,Negatoscope,negatoscope,11264
11321,کیسه نمک-درد,Salt thermal pack,salt-thermal-pack,8573
11322,لوازم حجامت,Cupping accessories,cupping-accessories,11256
11323,دستگاه های عمومی پزشکی,General medical devices,general-medical-devices,8573
11324,مراقبت دهان و دندان,Oral care,oral-care,11308
11327,فرش نیمه دستبافت,semi-handmade-carpet,semi-handmade-carpet,10633
11328,پک بهداشتی مصرفی,Disposable sanitary pack,disposable-sanitary-pack,5824
11329,جارو رباتیک,robotic vacuum cleaner,robotic-vacuum-cleaner,5850
11330,هنگ درام,Hang-drum,hang-drum,6524
11331,کتاب دانشگاهی,Academic-book,academic-book,10486
11332,رژ لب,LipStick,lip-stick,6471
11333,شیر ظرفشویی,kitchen-tap,kitchen-tap,11350
11334,شیر روشویی,basin-faucet,basin-faucet,11350
11335,چراغ کار,working-light,working-light,6071
11336,شیرآلات حمام,bathroom-faucet,bathroom-faucet,11350
11337,پالت کرم پودر,foundation-palette,foundation-palette,6470
11338,استندهای آرایشی,Cosmetic stands,cosmetic-stands,9844
11339,آینه های آرایشی,Makeup mirrors,makeup-mirrors,9844
11340,شیر توالت,toilet-faucet,toilet-faucet,11350
11341,ست شیرآلات,Faucet-set,faucet-set,11350
11342,پک مکمل,Supplemental pack,supplemental-pack,11404
11344,یادگیری و فنون,Learning-and-techniques,learning-and-techniques,11343
11345,زیرانداز ورزشی,Sports mat,sports-mat,10670
11346,شمع دست‌ساز,handmade-candle,handmade-candle,10174
11347,اقلام اساسی جهیزیه,essential-items-of-dowry,essential-items-of-dowry,5753
11350,شیرآلات,faucets,faucets-valves,10699
11351,کمربند ایمنی خودرو و لوازم جانبی کمربند,Car-seat-belts-belt-accessories,car-seat-belts-belt-accessories,6175
11352,آنتن خودرو,Car-antenna,car-antenna,6175
11353,آویز تزئینی خودرو,Car-decorative-pendant,car-decorative-pendant,6175
11354,والف و سر والف خودرو,valve-valvecap,valve-valvecap,6175
11355,پا رکابی,side-skirt,side-skirt,6175
11356,اسپویلر و دیفیوزر,spoiler-diffuser,spoiler-diffuser,6175
11357,آینه مانیتوردار و دوربین دنده‌عقب,Mirror-with-monitor-and-rearview-camera,mirror-with-monitor-and-rearview-camera,6175
11358,قاب، زه و ضربه‌گیر خودرو,car-frame-trim-bumper,car-frame-trim-bumper,6175
11359,بوق خودرو,car-horn,car-horn,6175
11360,غربیلک فرمان,steering-wheel,steering-wheel,6175
11361,قالب محصولات هنری,art-molds,art-molds,10095
11362,لوازم موتورسیکلت,motorcycle-parts,motorcycle-parts,10688
11368,قیر,bituminou,insulator-bituminous-waterproofing,10690
11369,غذا و خوراکی خشک و انجمادی,freeze-dried-foods,freeze-dried-foods,8895
11371,بستنی و دسر خشک و انجمادی,freeze-dried-dessert-icecream,freeze-dried-dessert,10324
11373,سرهمی زنانه,WOMEN JUMPSUITS,women-jumpsuits,9282
11380,سرویس طلای دست اول کم اجرت زنانه,Women Economic Gold Sets,women-economic-gold-sets,11242
11382,طلا و نقره,gold-silver,gold-silver,0
11383,هودی مردانه,Men-hoodie,men-hoodie,9435
11384,هودی چاپی مردانه,Men-print-hoodie,men-print-hoodie,11383
11385,سویشرت چاپی مردانه,Men print sweatshirt,men-print-sweatshirt,11390
11390,سویشرت مردانه,mens-sweatshirts,mens-sweatshirts,9435
11391,هودی زنانه,Women Hoodies,women-hoodie,9282
11392,هودی چاپی زنانه,Women print hoodies,women-print-hoodies,11391
11394,سویشرت زنانه,women sweatshirts,womens-sweatshirts,9282
11395,سویشرت چاپی زنانه,Women print sweatshirt,women-print-sweatshirt,11394
11396,دوربین ثبت وقایع,Dash-cam,dahboard-camera,59
11398,زیورآلات نقره,SILVER JEWELRY,silver-jewelry,11382
11399,سودا ساز,Soda Maker,soda-maker,5854
11403,زنجیر چرخ,tire-chains,tire-chains,6175
11404,پک ترکیبی مکمل,supplement variety pack,supplement-variety-pack,10119
11406,رله و میکرو رله خودرو,automotive-relay-micro-relay,automotive-relay-micro-relay,6175
11407,بهداشت روزانه، سلامت و زیبایی,Daily-hygiene-health-and-beauty,daily-hygiene-health-and-beauty,6655
11409,حلقه هوشمند,Smart Ring,smart-ring,6890
11411,کیف نوار بهداشتی,Sanitary napkin bag,sanitary-napkin-bag,9844
11413,سکه طلا اقساطی,Installment gold coin,installment-gold-coin,11437
11414,طلای آب شده اقساطی,Melted gold in installments,melted-gold-in-installments,11436
11415,ظرف سرو سنتی-,serving-didhes-,rural-serving-didhes,10176
11418,کالاهای صادراتی,Export Products,export-products,0
11419,براش‌های آرایشی,Makeup Brush,makeup-brush,9844
11424,پک شمش و پلاک طلا,Bullion-pack,bullion-pack,11135
11425,شیرینی خوری,Candy-Dish,candy-dish,6254
11426,شکلات خوری,chocolate-dish,chocolate-dish,6254
11428,خودرو صفر و کارکرده,cars,automobile,10688
11435,سکه، شمش، نقره و طلای آب‌شده,"Gold and Silver Coin, Bullion, Molten",gold-coin-bullion-molten-gold,11382
11436,مجموعه طلای آب شده,Molten Gold Collection,molten-gold-collection,11435
11437,مجموعه سکه طلا,Gold Coin Collection,gold-coin-collection,11435
11438,ورق طلا,Gold Plate,gold-plate,11382
11439,زیورآلات ورق طلا,Gold Plated Jewellery,gold-plated-jewellery,11674
11440,دکوری ورق طلا,Gold Plated Decoration,gold-plated-decoration,11674
11443,زیورآلات نقره زنانه و مردانه,UNI SILVER JEWELRY,unisex-silver-jewelry,11398
11451,فروش بیزنس به بیزنس,B2B,b2b,10690
11452,چراغ,light,lights,10658
11454,چراغ ریسه ای و نئونی,String-and-neon-lights,string-and-neon-lights,10658
11468,چکش تخریب,Demolition-Hammer,demolition-hammer,10693
11469,پالت رژ لب جامد,lipstick palette,lipstick-palette,11332
11470,پالت مداد لب,lip liner palette,lip-liner-palette,6471
11471,پالت رژ لب مایع,lip gloss palette,lip-gloss-palette,11332
11472,پالت رژ گونه,blush palette,blush-palette,6470
11473,پالت خط چشم,eye liner palette,eye-linerpalette,6464
11474,چای کرک,Karak-Tea,tea-karak,10894
11475,چمن مصنوعی,Artificial-grass,artificial-grass,6456
11485,سرویس پخت و پز کودک,سرویس پخت و پز کودک,child-cooking-service,6744
11492,انواع نان,Types-of-bread,types-of-bread,8899
11499,آرد,Flour,various-flours,10772
11501,چای سفید,White-tea,white-tea,10894
11502,چای ترش,Hibiscus-Tea,sour-tea,10894
11503,بند عینک دست ساز,Handcrafted Eyewear Cord,handcrafted-eyewear-cord,10376
11505,دستگاه پوز و کارتخوان بانکی,POS terminal and bank card reader,pos-terminal-and-bank-card-reader,8661
11511,قهوه سبز,Green-coffee,green-coffee,10902
11512,آبچکان,dish-drainer,dish-drainer,6300
11515,طلای آب شده.,Melt Gold,melt-gold.,0
11517,آویز طلای دست اول کم اجرت زنانه,Women Economic Gold Pendants,women-economic-gold-pendants,11242
11518,دوربین عکاسی چاپ سریع,Instant Camera,instant-camera,6
11519,بالش کودک و نوزاد,Child-and-Baby-Pillow,child-and-baby-pillow,6797
11521,تشک خوشخواب کودک و نوجوان,Baby's-sleepy-mattress,babys-sleepy,6797
11525,فرش اتاق کودک,Children's-room-carpet,children's-room-carpet,6741
11526,فرش ماشینی کودک,Baby-car-rug,baby-car-rug,11525
11527,فرش پارچه‌ای کودک,Children's-fabric-rug,children's-fabric-rug,11525
11528,لوازم جانبی پرینتر سه‌بعدی,3D Printer Accessories,3d-printer-accessories,5
11529,فیلامنت قلم و پرینتر سه‌بعدی,3D pen and printer filament,3d-pen-and-printer-filament,11528
11530,رزین پرینتر سه‌بعدی,3D printer resin,3d-printer-resin,11528
11531,لوازم و قطعات یدکی پرینتر سه‌بعدی,3D printer accessories and spare parts,3d-printer-accessories-and-spare-parts,11528
11532,فرش دستبافت کودک,Handmade-children's-rug,handmade-children's-rug,11525
11533,پادری اتاق کودک,Baby-room-rug,baby-room-rug,11525
11541,عدس محلی و ارگانیک,organic-lentils,organic-lentils,11036
11542,لوبیای محلی و ارگانیک,organic-beans,organic-beans,11036
11543,نخود محلی و ارگانیک,organic-chickpeas,organic-chickpeas,11036
11544,لپه محلی و ارگانیک,organic-copra,organic-copra,11036
11545,بین بگ,beanbag,beanbag,10647
11545,بین بگ,beanbag,beanbag,10647
11545,بین بگ,beanbag,beanbag,10647
11548,سگ,dog,dog,8428
11561,لوازم جانبی تردمیل,Treadmill accessories,treadmill-accessories,11141
11574,گربه,cat,cat,8428
11585,نیم سکه طلا,Half Gold Coin,half-gold-coin,11437
11586,ربع سکه طلا,Quarter Gold Coin,quarter-gold-coin,11437
11587,کتاب شعر,book of poem,book-of-poem,10486
11596,پک هدیه,gift-pack,gift-pack,8482
11597,کتاب آمادگی آزمون استخدامی,employment-exam-preparation-book,employment-exam-preparation-book,10486
11598,کتاب فلسفه,Philosophy-book,philosophy-book,10486
11599,کتاب موفقیت و رشد فردی,development-book,development-book,10486
11600,کتاب کسب و کار و اقتصاد,economic-business-book,economic-business-book,10486
11601,کتاب سینما و تئاتر,cinema-theater-book,cinema-theater-book,10486
11602,کتاب مدیریت و ارتباطات,management-association-book,management-association-book,10486
11603,کتاب ورزش,Sport-book,sport-book,10486
11604,کتاب فرهنگ و آداب و رسوم,culture-tradition-book,culture-tradition-book,10486
11605,کتاب پزشکی و سلامت,medical-health-book,medical-health-book,10486
11606,کتاب علوم مهندسی,engineering-science-book,engineering-science-book,10486
11607,کتاب آشپزی,cooking-book,cooking-book,10486
11608,کتاب علوم کامپیوتر,computer-science-book,computer-science-book,10486
11609,کتاب زندگینامه و بیوگرافی,biography-book,biography-book,10486
11610,کتاب عکاسی,photography-book,photography-book,10486
11611,کتاب حقوق,law-book,law-book,10486
11612,سکه پارسیان (گرمی),سکه پارسیان (گرمی),parsian-gold-coin,11135
11648,لوازم جانبی ماشین اصلاح,Shaver accessories,shaver-accessories,6607
11648,لوازم جانبی ماشین اصلاح,Shaver accessories,shaver-accessories,6607
11650,عینک محافظ چشم,Screen Protector Glasses,screen-protector-glasses,11122
11670,اکسسوری طلا,Gold Accessories,gold-accessories,11133
11673,اکسسوری نقره,Silver Accessories,silver-accessories,11398
11674,مجموعه ورق طلا,Gold Plated Collection,gold-plated-collection,11438
11681,گن مردانه,MENS SHAPEWEAR,men-shapewear,9469
